snr,seed,trial,epoch,loss,f1,lr,aug,timestamp
2,-1,0,1,1.710135,0.015317,1.00e-03,AutoSMC + IQ-Mixup (Method 1),2026-04-25T01:53:42.827054
2,-1,0,2,1.491284,0.015152,1.00e-03,AutoSMC + IQ-Mixup (Method 1),2026-04-25T01:54:02.619714
2,-1,0,3,1.427433,0.099007,9.99e-04,AutoSMC + IQ-Mixup (Method 1),2026-04-25T01:54:22.410232
2,-1,0,4,1.373215,0.024941,9.98e-04,AutoSMC + IQ-Mixup (Method 1),2026-04-25T01:54:42.163293
2,-1,0,5,1.339257,0.016169,9.97e-04,AutoSMC + IQ-Mixup (Method 1),2026-04-25T01:55:01.571265
2,-1,0,6,1.340218,0.073508,9.96e-04,AutoSMC + IQ-Mixup (Method 1),2026-04-25T01:55:20.686227
2,-1,0,7,1.307070,0.123198,9.94e-04,AutoSMC + IQ-Mixup (Method 1),2026-04-25T01:55:40.187131
2,-1,0,8,1.290979,0.217827,9.92e-04,AutoSMC + IQ-Mixup (Method 1),2026-04-25T01:55:59.792429
2,-1,0,9,1.291417,0.246336,9.89e-04,AutoSMC + IQ-Mixup (Method 1),2026-04-25T01:56:19.174042
2,-1,0,10,1.280718,0.401497,9.86e-04,AutoSMC + IQ-Mixup (Method 1),2026-04-25T01:56:38.756931
2,-1,0,11,1.268144,0.690765,9.83e-04,AutoSMC + IQ-Mixup (Method 1),2026-04-25T01:56:58.167942
2,-1,0,12,1.274055,0.683937,9.80e-04,AutoSMC + IQ-Mixup (Method 1),2026-04-25T01:57:17.512589
2,-1,0,13,1.261424,0.328030,9.76e-04,AutoSMC + IQ-Mixup (Method 1),2026-04-25T01:57:37.140295
2,-1,0,14,1.242320,0.362722,9.72e-04,AutoSMC + IQ-Mixup (Method 1),2026-04-25T01:57:56.404478
2,-1,0,15,1.248420,0.272336,9.67e-04,AutoSMC + IQ-Mixup (Method 1),2026-04-25T01:58:16.021517
2,-1,0,16,1.240674,0.708462,9.62e-04,AutoSMC + IQ-Mixup (Method 1),2026-04-25T01:58:35.251930
2,-1,0,17,1.252507,0.524732,9.57e-04,AutoSMC + IQ-Mixup (Method 1),2026-04-25T01:58:54.577599
2,-1,0,18,1.222124,0.505992,9.52e-04,AutoSMC + IQ-Mixup (Method 1),2026-04-25T01:59:13.720138
2,-1,0,19,1.243252,0.637734,9.46e-04,AutoSMC + IQ-Mixup (Method 1),2026-04-25T01:59:32.946170
2,-1,0,20,1.240679,0.622647,9.40e-04,AutoSMC + IQ-Mixup (Method 1),2026-04-25T01:59:52.206705
2,-1,0,21,1.206014,0.588187,9.34e-04,AutoSMC + IQ-Mixup (Method 1),2026-04-25T02:00:11.446313
2,-1,0,22,1.244511,0.364035,9.27e-04,AutoSMC + IQ-Mixup (Method 1),2026-04-25T02:00:30.807919
2,-1,0,23,1.214967,0.577306,9.20e-04,AutoSMC + IQ-Mixup (Method 1),2026-04-25T02:00:50.236761
2,-1,0,24,1.218431,0.274558,9.13e-04,AutoSMC + IQ-Mixup (Method 1),2026-04-25T02:01:09.495718
2,-1,0,25,1.215416,0.480366,9.05e-04,AutoSMC + IQ-Mixup (Method 1),2026-04-25T02:01:28.646503
2,-1,0,26,1.207024,0.667038,8.98e-04,AutoSMC + IQ-Mixup (Method 1),2026-04-25T02:01:47.839729
2,-1,0,27,1.214524,0.335272,8.90e-04,AutoSMC + IQ-Mixup (Method 1),2026-04-25T02:02:07.163511
2,-1,0,28,1.215953,0.422252,8.81e-04,AutoSMC + IQ-Mixup (Method 1),2026-04-25T02:02:26.179810
2,-1,0,29,1.195674,0.667131,8.73e-04,AutoSMC + IQ-Mixup (Method 1),2026-04-25T02:02:45.162857
2,-1,0,30,1.211999,0.505418,8.64e-04,AutoSMC + IQ-Mixup (Method 1),2026-04-25T02:03:04.418948
2,-1,0,31,1.198933,0.387432,8.55e-04,AutoSMC + IQ-Mixup (Method 1),2026-04-25T02:03:23.926110
2,-1,0,32,1.214387,0.535901,8.46e-04,AutoSMC + IQ-Mixup (Method 1),2026-04-25T02:03:43.259654
2,-1,0,33,1.190779,0.603153,8.36e-04,AutoSMC + IQ-Mixup (Method 1),2026-04-25T02:04:02.156888
2,-1,0,34,1.206733,0.774331,8.26e-04,AutoSMC + IQ-Mixup (Method 1),2026-04-25T02:04:21.384795
2,-1,0,35,1.211729,0.591008,8.17e-04,AutoSMC + IQ-Mixup (Method 1),2026-04-25T02:04:40.572746
2,-1,0,36,1.204418,0.695714,8.06e-04,AutoSMC + IQ-Mixup (Method 1),2026-04-25T02:05:00.091569
2,-1,0,37,1.218720,0.561385,7.96e-04,AutoSMC + IQ-Mixup (Method 1),2026-04-25T02:05:19.635502
2,-1,0,38,1.208689,0.714345,7.85e-04,AutoSMC + IQ-Mixup (Method 1),2026-04-25T02:05:39.084547
2,-1,0,39,1.174320,0.221247,7.75e-04,AutoSMC + IQ-Mixup (Method 1),2026-04-25T02:05:58.532070
2,-1,0,40,1.198133,0.793636,7.64e-04,AutoSMC + IQ-Mixup (Method 1),2026-04-25T02:06:17.876444
2,-1,0,41,1.160468,0.538383,7.52e-04,AutoSMC + IQ-Mixup (Method 1),2026-04-25T02:06:37.507054
2,-1,0,42,1.215064,0.778901,7.41e-04,AutoSMC + IQ-Mixup (Method 1),2026-04-25T02:06:56.932425
2,-1,0,43,1.190494,0.642511,7.30e-04,AutoSMC + IQ-Mixup (Method 1),2026-04-25T02:07:16.506836
2,-1,0,44,1.167569,0.668294,7.18e-04,AutoSMC + IQ-Mixup (Method 1),2026-04-25T02:07:36.121187
2,-1,0,45,1.159582,0.839368,7.06e-04,AutoSMC + IQ-Mixup (Method 1),2026-04-25T02:07:55.733736
2,-1,0,46,1.178851,0.632489,6.94e-04,AutoSMC + IQ-Mixup (Method 1),2026-04-25T02:08:15.456863
2,-1,0,47,1.185643,0.156091,6.82e-04,AutoSMC + IQ-Mixup (Method 1),2026-04-25T02:08:35.234034
2,-1,0,48,1.161885,0.805062,6.70e-04,AutoSMC + IQ-Mixup (Method 1),2026-04-25T02:08:54.919951
2,-1,0,49,1.189516,0.399242,6.58e-04,AutoSMC + IQ-Mixup (Method 1),2026-04-25T02:09:14.582749
2,-1,0,50,1.189028,0.726990,6.46e-04,AutoSMC + IQ-Mixup (Method 1),2026-04-25T02:09:34.111930
2,-1,0,51,1.172880,0.445849,6.33e-04,AutoSMC + IQ-Mixup (Method 1),2026-04-25T02:09:53.669278
2,-1,0,52,1.143332,0.515318,6.21e-04,AutoSMC + IQ-Mixup (Method 1),2026-04-25T02:10:13.095931
2,-1,0,53,1.179419,0.656164,6.08e-04,AutoSMC + IQ-Mixup (Method 1),2026-04-25T02:10:32.493850
2,-1,0,54,1.161697,0.689684,5.95e-04,AutoSMC + IQ-Mixup (Method 1),2026-04-25T02:10:52.153756
2,-1,0,55,1.184827,0.768591,5.82e-04,AutoSMC + IQ-Mixup (Method 1),2026-04-25T02:11:11.988120
2,-1,0,56,1.151430,0.444657,5.70e-04,AutoSMC + IQ-Mixup (Method 1),2026-04-25T02:11:31.504049
2,-1,0,57,1.155399,0.608417,5.57e-04,AutoSMC + IQ-Mixup (Method 1),2026-04-25T02:11:51.230473
2,-1,0,58,1.148975,0.599216,5.44e-04,AutoSMC + IQ-Mixup (Method 1),2026-04-25T02:12:10.946148
2,-1,0,59,1.148637,0.675704,5.31e-04,AutoSMC + IQ-Mixup (Method 1),2026-04-25T02:12:30.560667
2,-1,0,60,1.160156,0.835032,5.18e-04,AutoSMC + IQ-Mixup (Method 1),2026-04-25T02:12:50.239399
2,-1,0,61,1.138224,0.434452,5.05e-04,AutoSMC + IQ-Mixup (Method 1),2026-04-25T02:13:09.709422
2,-1,0,62,1.153043,0.619336,4.92e-04,AutoSMC + IQ-Mixup (Method 1),2026-04-25T02:13:29.378920
2,-1,0,63,1.136056,0.662672,4.79e-04,AutoSMC + IQ-Mixup (Method 1),2026-04-25T02:13:49.248879
2,-1,0,64,1.154516,0.590064,4.66e-04,AutoSMC + IQ-Mixup (Method 1),2026-04-25T02:14:08.715180
2,-1,0,65,1.178407,0.468265,4.53e-04,AutoSMC + IQ-Mixup (Method 1),2026-04-25T02:14:28.330047
2,-1,0,66,1.107658,0.544684,4.40e-04,AutoSMC + IQ-Mixup (Method 1),2026-04-25T02:14:47.682663
2,-1,0,67,1.133480,0.486327,4.28e-04,AutoSMC + IQ-Mixup (Method 1),2026-04-25T02:15:07.398657
2,-1,0,68,1.155417,0.484115,4.15e-04,AutoSMC + IQ-Mixup (Method 1),2026-04-25T02:15:26.899582
2,-1,0,69,1.124103,0.832699,4.02e-04,AutoSMC + IQ-Mixup (Method 1),2026-04-25T02:15:46.354398
2,-1,0,70,1.140375,0.599708,3.89e-04,AutoSMC + IQ-Mixup (Method 1),2026-04-25T02:16:05.800165
2,-1,0,71,1.127418,0.734037,3.77e-04,AutoSMC + IQ-Mixup (Method 1),2026-04-25T02:16:25.141279
2,-1,0,72,1.140181,0.788085,3.64e-04,AutoSMC + IQ-Mixup (Method 1),2026-04-25T02:16:44.702530
2,-1,0,73,1.113996,0.789685,3.52e-04,AutoSMC + IQ-Mixup (Method 1),2026-04-25T02:17:04.104141
2,-1,0,74,1.130605,0.827090,3.40e-04,AutoSMC + IQ-Mixup (Method 1),2026-04-25T02:17:23.830239
2,-1,0,75,1.118093,0.548519,3.28e-04,AutoSMC + IQ-Mixup (Method 1),2026-04-25T02:17:43.563401
2,-1,0,76,1.146132,0.842717,3.16e-04,AutoSMC + IQ-Mixup (Method 1),2026-04-25T02:18:03.136624
2,-1,0,77,1.108638,0.858302,3.04e-04,AutoSMC + IQ-Mixup (Method 1),2026-04-25T02:18:22.741582
2,-1,0,78,1.092718,0.859144,2.92e-04,AutoSMC + IQ-Mixup (Method 1),2026-04-25T02:18:42.270738
2,-1,0,79,1.097012,0.688301,2.80e-04,AutoSMC + IQ-Mixup (Method 1),2026-04-25T02:19:03.064859
2,-1,0,80,1.113298,0.612096,2.69e-04,AutoSMC + IQ-Mixup (Method 1),2026-04-25T02:19:23.525044
2,-1,0,81,1.101328,0.746880,2.58e-04,AutoSMC + IQ-Mixup (Method 1),2026-04-25T02:19:43.150923
2,-1,0,82,1.105588,0.785326,2.46e-04,AutoSMC + IQ-Mixup (Method 1),2026-04-25T02:20:02.950112
2,-1,0,83,1.118031,0.828686,2.35e-04,AutoSMC + IQ-Mixup (Method 1),2026-04-25T02:20:22.556983
2,-1,0,84,1.098783,0.625148,2.25e-04,AutoSMC + IQ-Mixup (Method 1),2026-04-25T02:20:42.141909
2,-1,0,85,1.092207,0.719992,2.14e-04,AutoSMC + IQ-Mixup (Method 1),2026-04-25T02:21:01.892692
2,-1,0,86,1.127266,0.651662,2.04e-04,AutoSMC + IQ-Mixup (Method 1),2026-04-25T02:21:21.427562
2,-1,0,87,1.095588,0.728863,1.93e-04,AutoSMC + IQ-Mixup (Method 1),2026-04-25T02:21:40.860553
2,-1,0,88,1.116653,0.699601,1.84e-04,AutoSMC + IQ-Mixup (Method 1),2026-04-25T02:22:00.299405
2,-1,0,89,1.112742,0.850164,1.74e-04,AutoSMC + IQ-Mixup (Method 1),2026-04-25T02:22:19.520168
2,-1,0,90,1.091805,0.760403,1.64e-04,AutoSMC + IQ-Mixup (Method 1),2026-04-25T02:22:39.128146
2,-1,0,91,1.097918,0.737208,1.55e-04,AutoSMC + IQ-Mixup (Method 1),2026-04-25T02:22:58.512116
2,-1,0,92,1.063162,0.846758,1.46e-04,AutoSMC + IQ-Mixup (Method 1),2026-04-25T02:23:17.898860
2,-1,0,93,1.087823,0.750177,1.37e-04,AutoSMC + IQ-Mixup (Method 1),2026-04-25T02:23:37.386323
2,-1,0,94,1.087267,0.732038,1.29e-04,AutoSMC + IQ-Mixup (Method 1),2026-04-25T02:23:57.060043
2,-1,0,95,1.066385,0.830971,1.20e-04,AutoSMC + IQ-Mixup (Method 1),2026-04-25T02:24:16.443125
2,-1,0,96,1.082112,0.873224,1.12e-04,AutoSMC + IQ-Mixup (Method 1),2026-04-25T02:24:35.757305
2,-1,0,97,1.099862,0.842426,1.05e-04,AutoSMC + IQ-Mixup (Method 1),2026-04-25T02:24:55.267364
2,-1,0,98,1.080805,0.852901,9.71e-05,AutoSMC + IQ-Mixup (Method 1),2026-04-25T02:25:14.692324
2,-1,0,99,1.086582,0.813762,8.99e-05,AutoSMC + IQ-Mixup (Method 1),2026-04-25T02:25:34.141098
2,-1,0,100,1.088469,0.757845,8.29e-05,AutoSMC + IQ-Mixup (Method 1),2026-04-25T02:25:53.414418
2,-1,0,101,1.079290,0.693967,7.63e-05,AutoSMC + IQ-Mixup (Method 1),2026-04-25T02:26:12.895330
2,-1,0,102,1.080176,0.871082,7.00e-05,AutoSMC + IQ-Mixup (Method 1),2026-04-25T02:26:31.887849
2,-1,0,103,1.058640,0.855620,6.40e-05,AutoSMC + IQ-Mixup (Method 1),2026-04-25T02:26:51.159997
2,-1,0,104,1.073674,0.875243,5.82e-05,AutoSMC + IQ-Mixup (Method 1),2026-04-25T02:27:10.583806
2,-1,0,105,1.069816,0.876675,5.28e-05,AutoSMC + IQ-Mixup (Method 1),2026-04-25T02:27:29.694892
2,-1,0,106,1.059158,0.874066,4.77e-05,AutoSMC + IQ-Mixup (Method 1),2026-04-25T02:27:48.977107
2,-1,0,107,1.072752,0.869798,4.29e-05,AutoSMC + IQ-Mixup (Method 1),2026-04-25T02:28:08.269101
2,-1,0,108,1.061946,0.865315,3.84e-05,AutoSMC + IQ-Mixup (Method 1),2026-04-25T02:28:27.567744
2,-1,0,109,1.065637,0.837517,3.42e-05,AutoSMC + IQ-Mixup (Method 1),2026-04-25T02:28:46.844496
2,-1,0,110,1.057371,0.881275,3.04e-05,AutoSMC + IQ-Mixup (Method 1),2026-04-25T02:29:06.131475
2,-1,0,111,1.065240,0.867661,2.69e-05,AutoSMC + IQ-Mixup (Method 1),2026-04-25T02:29:25.487812
2,-1,0,112,1.027836,0.874884,2.37e-05,AutoSMC + IQ-Mixup (Method 1),2026-04-25T02:29:44.559291
2,-1,0,113,1.078482,0.876200,2.08e-05,AutoSMC + IQ-Mixup (Method 1),2026-04-25T02:30:03.716033
2,-1,0,114,1.088349,0.873274,1.83e-05,AutoSMC + IQ-Mixup (Method 1),2026-04-25T02:30:22.915440
2,-1,0,115,1.078606,0.871123,1.61e-05,AutoSMC + IQ-Mixup (Method 1),2026-04-25T02:30:42.119539
2,-1,0,116,1.058169,0.876470,1.42e-05,AutoSMC + IQ-Mixup (Method 1),2026-04-25T02:31:01.298151
2,-1,0,117,1.064975,0.881299,1.27e-05,AutoSMC + IQ-Mixup (Method 1),2026-04-25T02:31:20.466451
2,-1,0,118,1.083554,0.878809,1.15e-05,AutoSMC + IQ-Mixup (Method 1),2026-04-25T02:31:39.719395
2,-1,0,119,1.073315,0.879884,1.07e-05,AutoSMC + IQ-Mixup (Method 1),2026-04-25T02:31:59.128793
2,-1,0,120,1.082699,0.878103,1.02e-05,AutoSMC + IQ-Mixup (Method 1),2026-04-25T02:32:18.268846
2,-1,1,1,1.713308,0.015152,1.00e-03,AutoSMC + IQ-Mixup (Method 1),2026-04-25T02:32:45.712684
2,-1,1,2,1.424622,0.015152,1.00e-03,AutoSMC + IQ-Mixup (Method 1),2026-04-25T02:33:11.577276
2,-1,1,3,1.370092,0.015152,9.99e-04,AutoSMC + IQ-Mixup (Method 1),2026-04-25T02:33:37.171179
2,-1,1,4,1.337613,0.015152,9.98e-04,AutoSMC + IQ-Mixup (Method 1),2026-04-25T02:34:02.764318
2,-1,1,5,1.342641,0.072663,9.97e-04,AutoSMC + IQ-Mixup (Method 1),2026-04-25T02:34:29.023777
2,-1,1,6,1.287843,0.099987,9.96e-04,AutoSMC + IQ-Mixup (Method 1),2026-04-25T02:34:55.020125
2,-1,1,7,1.307773,0.066631,9.94e-04,AutoSMC + IQ-Mixup (Method 1),2026-04-25T02:35:21.444031
2,-1,1,8,1.265968,0.268327,9.92e-04,AutoSMC + IQ-Mixup (Method 1),2026-04-25T02:35:47.855043
2,-1,1,9,1.282896,0.285269,9.89e-04,AutoSMC + IQ-Mixup (Method 1),2026-04-25T02:36:14.159089
2,-1,1,10,1.262313,0.645419,9.86e-04,AutoSMC + IQ-Mixup (Method 1),2026-04-25T02:36:40.301174
2,-1,1,11,1.270675,0.638961,9.83e-04,AutoSMC + IQ-Mixup (Method 1),2026-04-25T02:37:06.452551
2,-1,1,12,1.265708,0.484832,9.80e-04,AutoSMC + IQ-Mixup (Method 1),2026-04-25T02:37:32.627052
2,-1,1,13,1.235047,0.418962,9.76e-04,AutoSMC + IQ-Mixup (Method 1),2026-04-25T02:37:58.730814
2,-1,1,14,1.238638,0.699195,9.72e-04,AutoSMC + IQ-Mixup (Method 1),2026-04-25T02:38:24.896198
2,-1,1,15,1.247765,0.469787,9.67e-04,AutoSMC + IQ-Mixup (Method 1),2026-04-25T02:38:50.718923
2,-1,1,16,1.246334,0.681542,9.62e-04,AutoSMC + IQ-Mixup (Method 1),2026-04-25T02:39:16.900320
2,-1,1,17,1.251494,0.750475,9.57e-04,AutoSMC + IQ-Mixup (Method 1),2026-04-25T02:39:43.130842
2,-1,1,18,1.245635,0.633280,9.52e-04,AutoSMC + IQ-Mixup (Method 1),2026-04-25T02:40:09.592449
2,-1,1,19,1.226817,0.727712,9.46e-04,AutoSMC + IQ-Mixup (Method 1),2026-04-25T02:40:35.568655
2,-1,1,20,1.227788,0.759654,9.40e-04,AutoSMC + IQ-Mixup (Method 1),2026-04-25T02:41:01.305524
2,-1,1,21,1.211675,0.752719,9.34e-04,AutoSMC + IQ-Mixup (Method 1),2026-04-25T02:41:27.058226
2,-1,1,22,1.247717,0.485148,9.27e-04,AutoSMC + IQ-Mixup (Method 1),2026-04-25T02:41:52.762125
2,-1,1,23,1.210110,0.452086,9.20e-04,AutoSMC + IQ-Mixup (Method 1),2026-04-25T02:42:18.708150
2,-1,1,24,1.213489,0.670953,9.13e-04,AutoSMC + IQ-Mixup (Method 1),2026-04-25T02:42:45.122158
2,-1,1,25,1.218979,0.414567,9.05e-04,AutoSMC + IQ-Mixup (Method 1),2026-04-25T02:43:11.248648
2,-1,1,26,1.212718,0.697468,8.98e-04,AutoSMC + IQ-Mixup (Method 1),2026-04-25T02:43:36.940043
2,-1,1,27,1.201171,0.672413,8.90e-04,AutoSMC + IQ-Mixup (Method 1),2026-04-25T02:44:02.574559
2,-1,1,28,1.204488,0.515892,8.81e-04,AutoSMC + IQ-Mixup (Method 1),2026-04-25T02:44:28.335393
2,-1,1,29,1.192692,0.605279,8.73e-04,AutoSMC + IQ-Mixup (Method 1),2026-04-25T02:44:54.381059
2,-1,1,30,1.217911,0.683997,8.64e-04,AutoSMC + IQ-Mixup (Method 1),2026-04-25T02:45:20.232577
2,-1,1,31,1.209064,0.483387,8.55e-04,AutoSMC + IQ-Mixup (Method 1),2026-04-25T02:45:45.997701
2,-1,1,32,1.210700,0.606733,8.46e-04,AutoSMC + IQ-Mixup (Method 1),2026-04-25T02:46:11.852444
2,-1,1,33,1.177130,0.738246,8.36e-04,AutoSMC + IQ-Mixup (Method 1),2026-04-25T02:46:38.103212
2,-1,1,34,1.207916,0.819796,8.26e-04,AutoSMC + IQ-Mixup (Method 1),2026-04-25T02:47:03.859675
2,-1,1,35,1.176607,0.641957,8.17e-04,AutoSMC + IQ-Mixup (Method 1),2026-04-25T02:47:29.787994
2,-1,1,36,1.209280,0.750237,8.06e-04,AutoSMC + IQ-Mixup (Method 1),2026-04-25T02:47:55.406925
2,-1,1,37,1.173137,0.743500,7.96e-04,AutoSMC + IQ-Mixup (Method 1),2026-04-25T02:48:20.967470
2,-1,1,38,1.199849,0.783996,7.85e-04,AutoSMC + IQ-Mixup (Method 1),2026-04-25T02:48:46.770251
2,-1,1,39,1.174695,0.658700,7.75e-04,AutoSMC + IQ-Mixup (Method 1),2026-04-25T02:49:12.471948
2,-1,1,40,1.144189,0.489568,7.64e-04,AutoSMC + IQ-Mixup (Method 1),2026-04-25T02:49:38.112925
2,-1,1,41,1.152273,0.566218,7.52e-04,AutoSMC + IQ-Mixup (Method 1),2026-04-25T02:50:03.953190
2,-1,1,42,1.166230,0.591684,7.41e-04,AutoSMC + IQ-Mixup (Method 1),2026-04-25T02:50:30.151453
2,-1,1,43,1.191658,0.764019,7.30e-04,AutoSMC + IQ-Mixup (Method 1),2026-04-25T02:50:56.126657
2,-1,1,44,1.181985,0.708304,7.18e-04,AutoSMC + IQ-Mixup (Method 1),2026-04-25T02:51:21.866000
2,-1,1,45,1.153704,0.246795,7.06e-04,AutoSMC + IQ-Mixup (Method 1),2026-04-25T02:51:47.804210
2,-1,1,46,1.152489,0.551205,6.94e-04,AutoSMC + IQ-Mixup (Method 1),2026-04-25T02:52:13.458571
2,-1,1,47,1.158083,0.542509,6.82e-04,AutoSMC + IQ-Mixup (Method 1),2026-04-25T02:52:39.305368
2,-1,1,48,1.164815,0.609542,6.70e-04,AutoSMC + IQ-Mixup (Method 1),2026-04-25T02:53:05.018351
2,-1,1,49,1.167409,0.753617,6.58e-04,AutoSMC + IQ-Mixup (Method 1),2026-04-25T02:53:31.059334
2,-1,1,50,1.155779,0.820583,6.46e-04,AutoSMC + IQ-Mixup (Method 1),2026-04-25T02:53:56.559925
2,-1,1,51,1.164717,0.736004,6.33e-04,AutoSMC + IQ-Mixup (Method 1),2026-04-25T02:54:22.096220
2,-1,1,52,1.130459,0.858192,6.21e-04,AutoSMC + IQ-Mixup (Method 1),2026-04-25T02:54:47.725599
2,-1,1,53,1.152325,0.637580,6.08e-04,AutoSMC + IQ-Mixup (Method 1),2026-04-25T02:55:13.281907
2,-1,1,54,1.165257,0.736711,5.95e-04,AutoSMC + IQ-Mixup (Method 1),2026-04-25T02:55:39.100583
2,-1,1,55,1.127766,0.583018,5.82e-04,AutoSMC + IQ-Mixup (Method 1),2026-04-25T02:56:04.774979
2,-1,1,56,1.106529,0.814896,5.70e-04,AutoSMC + IQ-Mixup (Method 1),2026-04-25T02:56:30.551911
2,-1,1,57,1.138491,0.880981,5.57e-04,AutoSMC + IQ-Mixup (Method 1),2026-04-25T02:56:56.203270
2,-1,1,58,1.125968,0.751322,5.44e-04,AutoSMC + IQ-Mixup (Method 1),2026-04-25T02:57:22.217669
2,-1,1,59,1.148270,0.531947,5.31e-04,AutoSMC + IQ-Mixup (Method 1),2026-04-25T02:57:47.733981
2,-1,1,60,1.115144,0.817500,5.18e-04,AutoSMC + IQ-Mixup (Method 1),2026-04-25T02:58:13.488842
2,-1,1,61,1.129506,0.781395,5.05e-04,AutoSMC + IQ-Mixup (Method 1),2026-04-25T02:58:39.059424
2,-1,1,62,1.150090,0.175012,4.92e-04,AutoSMC + IQ-Mixup (Method 1),2026-04-25T02:59:04.502920
2,-1,1,63,1.128444,0.761368,4.79e-04,AutoSMC + IQ-Mixup (Method 1),2026-04-25T02:59:29.888740
2,-1,1,64,1.100648,0.581438,4.66e-04,AutoSMC + IQ-Mixup (Method 1),2026-04-25T02:59:55.298593
2,-1,1,65,1.126666,0.784508,4.53e-04,AutoSMC + IQ-Mixup (Method 1),2026-04-25T03:00:21.065465
2,-1,1,66,1.142608,0.869733,4.40e-04,AutoSMC + IQ-Mixup (Method 1),2026-04-25T03:00:46.894416
2,-1,1,67,1.139374,0.754451,4.28e-04,AutoSMC + IQ-Mixup (Method 1),2026-04-25T03:01:12.419870
2,-1,1,68,1.129291,0.754879,4.15e-04,AutoSMC + IQ-Mixup (Method 1),2026-04-25T03:01:37.879390
2,-1,1,69,1.128333,0.596912,4.02e-04,AutoSMC + IQ-Mixup (Method 1),2026-04-25T03:02:03.174498
2,-1,1,70,1.151601,0.728204,3.89e-04,AutoSMC + IQ-Mixup (Method 1),2026-04-25T03:02:28.712526
2,-1,1,71,1.131501,0.893383,3.77e-04,AutoSMC + IQ-Mixup (Method 1),2026-04-25T03:02:54.266510
2,-1,1,72,1.100653,0.845775,3.64e-04,AutoSMC + IQ-Mixup (Method 1),2026-04-25T03:03:20.008645
2,-1,1,73,1.129736,0.787900,3.52e-04,AutoSMC + IQ-Mixup (Method 1),2026-04-25T03:03:45.789544
2,-1,1,74,1.104130,0.648555,3.40e-04,AutoSMC + IQ-Mixup (Method 1),2026-04-25T03:04:11.527046
2,-1,1,75,1.091400,0.720051,3.28e-04,AutoSMC + IQ-Mixup (Method 1),2026-04-25T03:04:37.396309
2,-1,1,76,1.111561,0.705575,3.16e-04,AutoSMC + IQ-Mixup (Method 1),2026-04-25T03:05:03.076386
2,-1,1,77,1.125899,0.762072,3.04e-04,AutoSMC + IQ-Mixup (Method 1),2026-04-25T03:05:28.993204
2,-1,1,78,1.117559,0.864360,2.92e-04,AutoSMC + IQ-Mixup (Method 1),2026-04-25T03:05:54.544492
2,-1,1,79,1.135887,0.885978,2.80e-04,AutoSMC + IQ-Mixup (Method 1),2026-04-25T03:06:20.119043
2,-1,1,80,1.085994,0.783524,2.69e-04,AutoSMC + IQ-Mixup (Method 1),2026-04-25T03:06:45.620989
2,-1,1,81,1.109265,0.830109,2.58e-04,AutoSMC + IQ-Mixup (Method 1),2026-04-25T03:07:11.172928
2,-1,1,82,1.084777,0.776389,2.46e-04,AutoSMC + IQ-Mixup (Method 1),2026-04-25T03:07:36.593325
2,-1,1,83,1.118417,0.792336,2.35e-04,AutoSMC + IQ-Mixup (Method 1),2026-04-25T03:08:01.967236
2,-1,1,84,1.112644,0.773199,2.25e-04,AutoSMC + IQ-Mixup (Method 1),2026-04-25T03:08:27.563700
2,-1,1,85,1.099861,0.887189,2.14e-04,AutoSMC + IQ-Mixup (Method 1),2026-04-25T03:08:53.321312
2,-1,1,86,1.080958,0.758523,2.04e-04,AutoSMC + IQ-Mixup (Method 1),2026-04-25T03:09:18.921058
2,-1,1,87,1.072804,0.847828,1.93e-04,AutoSMC + IQ-Mixup (Method 1),2026-04-25T03:09:44.578542
2,-1,1,88,1.085585,0.757048,1.84e-04,AutoSMC + IQ-Mixup (Method 1),2026-04-25T03:10:10.086191
2,-1,1,89,1.097349,0.880881,1.74e-04,AutoSMC + IQ-Mixup (Method 1),2026-04-25T03:10:36.233080
2,-1,1,90,1.099808,0.897608,1.64e-04,AutoSMC + IQ-Mixup (Method 1),2026-04-25T03:11:01.957891
2,-1,1,91,1.104325,0.721985,1.55e-04,AutoSMC + IQ-Mixup (Method 1),2026-04-25T03:11:27.802768
2,-1,1,92,1.095478,0.765205,1.46e-04,AutoSMC + IQ-Mixup (Method 1),2026-04-25T03:11:53.498001
2,-1,1,93,1.088159,0.769223,1.37e-04,AutoSMC + IQ-Mixup (Method 1),2026-04-25T03:12:19.087280
2,-1,1,94,1.114020,0.892057,1.29e-04,AutoSMC + IQ-Mixup (Method 1),2026-04-25T03:12:44.762672
2,-1,1,95,1.120408,0.780155,1.20e-04,AutoSMC + IQ-Mixup (Method 1),2026-04-25T03:13:10.531046
2,-1,1,96,1.111016,0.904878,1.12e-04,AutoSMC + IQ-Mixup (Method 1),2026-04-25T03:13:36.188085
2,-1,1,97,1.107689,0.761934,1.05e-04,AutoSMC + IQ-Mixup (Method 1),2026-04-25T03:14:02.065745
2,-1,1,98,1.079648,0.835854,9.71e-05,AutoSMC + IQ-Mixup (Method 1),2026-04-25T03:14:28.374120
2,-1,1,99,1.104764,0.817260,8.99e-05,AutoSMC + IQ-Mixup (Method 1),2026-04-25T03:14:54.134228
2,-1,1,100,1.094158,0.901045,8.29e-05,AutoSMC + IQ-Mixup (Method 1),2026-04-25T03:15:19.733908
2,-1,1,101,1.094092,0.863285,7.63e-05,AutoSMC + IQ-Mixup (Method 1),2026-04-25T03:15:45.183991
2,-1,1,102,1.109177,0.893547,7.00e-05,AutoSMC + IQ-Mixup (Method 1),2026-04-25T03:16:10.908851
2,-1,1,103,1.064974,0.901886,6.40e-05,AutoSMC + IQ-Mixup (Method 1),2026-04-25T03:16:36.577322
2,-1,1,104,1.067908,0.830752,5.82e-05,AutoSMC + IQ-Mixup (Method 1),2026-04-25T03:17:02.199794
2,-1,1,105,1.089067,0.880462,5.28e-05,AutoSMC + IQ-Mixup (Method 1),2026-04-25T03:17:28.024581
2,-1,1,106,1.111386,0.904743,4.77e-05,AutoSMC + IQ-Mixup (Method 1),2026-04-25T03:17:53.652541
2,-1,1,107,1.096450,0.884644,4.29e-05,AutoSMC + IQ-Mixup (Method 1),2026-04-25T03:18:19.640263
2,-1,1,108,1.105895,0.907963,3.84e-05,AutoSMC + IQ-Mixup (Method 1),2026-04-25T03:18:45.362685
2,-1,1,109,1.106203,0.901163,3.42e-05,AutoSMC + IQ-Mixup (Method 1),2026-04-25T03:19:11.149340
2,-1,1,110,1.056970,0.911107,3.04e-05,AutoSMC + IQ-Mixup (Method 1),2026-04-25T03:19:37.083580
2,-1,1,111,1.093584,0.911873,2.69e-05,AutoSMC + IQ-Mixup (Method 1),2026-04-25T03:20:02.822461
2,-1,1,112,1.048824,0.908864,2.37e-05,AutoSMC + IQ-Mixup (Method 1),2026-04-25T03:20:28.769828
2,-1,1,113,1.068446,0.906957,2.08e-05,AutoSMC + IQ-Mixup (Method 1),2026-04-25T03:20:54.706960
2,-1,1,114,1.090173,0.906438,1.83e-05,AutoSMC + IQ-Mixup (Method 1),2026-04-25T03:21:20.497927
2,-1,1,115,1.074970,0.901610,1.61e-05,AutoSMC + IQ-Mixup (Method 1),2026-04-25T03:21:46.480396
2,-1,1,116,1.086035,0.910782,1.42e-05,AutoSMC + IQ-Mixup (Method 1),2026-04-25T03:22:12.426467
2,-1,1,117,1.077867,0.910592,1.27e-05,AutoSMC + IQ-Mixup (Method 1),2026-04-25T03:22:38.387476
2,-1,1,118,1.084272,0.912509,1.15e-05,AutoSMC + IQ-Mixup (Method 1),2026-04-25T03:23:04.227388
2,-1,1,119,1.084345,0.913122,1.07e-05,AutoSMC + IQ-Mixup (Method 1),2026-04-25T03:23:30.135486
2,-1,1,120,1.090097,0.913496,1.02e-05,AutoSMC + IQ-Mixup (Method 1),2026-04-25T03:23:55.897449
2,-1,2,1,1.722384,0.015152,1.00e-03,AutoSMC + IQ-Mixup (Method 1),2026-04-25T03:24:22.840700
2,-1,2,2,1.442819,0.015152,1.00e-03,AutoSMC + IQ-Mixup (Method 1),2026-04-25T03:24:47.848676
2,-1,2,3,1.358221,0.015152,9.99e-04,AutoSMC + IQ-Mixup (Method 1),2026-04-25T03:25:12.738474
2,-1,2,4,1.346626,0.090067,9.98e-04,AutoSMC + IQ-Mixup (Method 1),2026-04-25T03:25:37.564905
2,-1,2,5,1.303166,0.029043,9.97e-04,AutoSMC + IQ-Mixup (Method 1),2026-04-25T03:26:02.482517
2,-1,2,6,1.301148,0.084131,9.96e-04,AutoSMC + IQ-Mixup (Method 1),2026-04-25T03:26:27.313187
2,-1,2,7,1.301758,0.112902,9.94e-04,AutoSMC + IQ-Mixup (Method 1),2026-04-25T03:26:52.096541
2,-1,2,8,1.266800,0.246130,9.92e-04,AutoSMC + IQ-Mixup (Method 1),2026-04-25T03:27:17.316346
2,-1,2,9,1.273601,0.522522,9.89e-04,AutoSMC + IQ-Mixup (Method 1),2026-04-25T03:27:42.198943
2,-1,2,10,1.289396,0.431422,9.86e-04,AutoSMC + IQ-Mixup (Method 1),2026-04-25T03:28:07.126482
2,-1,2,11,1.264474,0.398831,9.83e-04,AutoSMC + IQ-Mixup (Method 1),2026-04-25T03:28:32.150794
2,-1,2,12,1.219901,0.714124,9.80e-04,AutoSMC + IQ-Mixup (Method 1),2026-04-25T03:28:57.417926
2,-1,2,13,1.263886,0.621003,9.76e-04,AutoSMC + IQ-Mixup (Method 1),2026-04-25T03:29:22.294380
2,-1,2,14,1.259609,0.661258,9.72e-04,AutoSMC + IQ-Mixup (Method 1),2026-04-25T03:29:47.329021
2,-1,2,15,1.261851,0.598942,9.67e-04,AutoSMC + IQ-Mixup (Method 1),2026-04-25T03:30:12.090189
2,-1,2,16,1.245127,0.421420,9.62e-04,AutoSMC + IQ-Mixup (Method 1),2026-04-25T03:30:37.208817
2,-1,2,17,1.249230,0.489190,9.57e-04,AutoSMC + IQ-Mixup (Method 1),2026-04-25T03:31:02.033726
2,-1,2,18,1.245655,0.457793,9.52e-04,AutoSMC + IQ-Mixup (Method 1),2026-04-25T03:31:27.508643
2,-1,2,19,1.233092,0.783726,9.46e-04,AutoSMC + IQ-Mixup (Method 1),2026-04-25T03:31:52.625830
2,-1,2,20,1.211954,0.628553,9.40e-04,AutoSMC + IQ-Mixup (Method 1),2026-04-25T03:32:17.458470
2,-1,2,21,1.236749,0.582153,9.34e-04,AutoSMC + IQ-Mixup (Method 1),2026-04-25T03:32:42.101841
2,-1,2,22,1.209811,0.583594,9.27e-04,AutoSMC + IQ-Mixup (Method 1),2026-04-25T03:33:06.766208
2,-1,2,23,1.250256,0.491826,9.20e-04,AutoSMC + IQ-Mixup (Method 1),2026-04-25T03:33:31.555748
2,-1,2,24,1.231084,0.728992,9.13e-04,AutoSMC + IQ-Mixup (Method 1),2026-04-25T03:33:56.578894
2,-1,2,25,1.200288,0.748554,9.05e-04,AutoSMC + IQ-Mixup (Method 1),2026-04-25T03:34:21.812047
2,-1,2,26,1.222739,0.724253,8.98e-04,AutoSMC + IQ-Mixup (Method 1),2026-04-25T03:34:47.279931
2,-1,2,27,1.216320,0.659139,8.90e-04,AutoSMC + IQ-Mixup (Method 1),2026-04-25T03:35:12.155865
2,-1,2,28,1.218677,0.510263,8.81e-04,AutoSMC + IQ-Mixup (Method 1),2026-04-25T03:35:37.400828
2,-1,2,29,1.244651,0.430262,8.73e-04,AutoSMC + IQ-Mixup (Method 1),2026-04-25T03:36:02.318553
2,-1,2,30,1.203765,0.713824,8.64e-04,AutoSMC + IQ-Mixup (Method 1),2026-04-25T03:36:27.518284
2,-1,2,31,1.205347,0.584647,8.55e-04,AutoSMC + IQ-Mixup (Method 1),2026-04-25T03:36:52.545581
2,-1,2,32,1.201757,0.418987,8.46e-04,AutoSMC + IQ-Mixup (Method 1),2026-04-25T03:37:17.831732
2,-1,2,33,1.166755,0.205757,8.36e-04,AutoSMC + IQ-Mixup (Method 1),2026-04-25T03:37:42.767034
2,-1,2,34,1.225821,0.791502,8.26e-04,AutoSMC + IQ-Mixup (Method 1),2026-04-25T03:38:07.687358
2,-1,2,35,1.213462,0.704306,8.17e-04,AutoSMC + IQ-Mixup (Method 1),2026-04-25T03:38:32.789431
2,-1,2,36,1.206521,0.599518,8.06e-04,AutoSMC + IQ-Mixup (Method 1),2026-04-25T03:38:57.740962
2,-1,2,37,1.204589,0.732784,7.96e-04,AutoSMC + IQ-Mixup (Method 1),2026-04-25T03:39:22.583610
2,-1,2,38,1.188641,0.694542,7.85e-04,AutoSMC + IQ-Mixup (Method 1),2026-04-25T03:39:47.479182
2,-1,2,39,1.197127,0.574158,7.75e-04,AutoSMC + IQ-Mixup (Method 1),2026-04-25T03:40:12.416616
2,-1,2,40,1.196204,0.502946,7.64e-04,AutoSMC + IQ-Mixup (Method 1),2026-04-25T03:40:37.725121
2,-1,2,41,1.192179,0.584041,7.52e-04,AutoSMC + IQ-Mixup (Method 1),2026-04-25T03:41:02.918661
2,-1,2,42,1.176120,0.548339,7.41e-04,AutoSMC + IQ-Mixup (Method 1),2026-04-25T03:41:28.318093
2,-1,2,43,1.184016,0.561135,7.30e-04,AutoSMC + IQ-Mixup (Method 1),2026-04-25T03:41:53.326985
2,-1,2,44,1.180801,0.772747,7.18e-04,AutoSMC + IQ-Mixup (Method 1),2026-04-25T03:42:18.406580
2,-1,2,45,1.189779,0.766013,7.06e-04,AutoSMC + IQ-Mixup (Method 1),2026-04-25T03:42:43.334319
2,-1,2,46,1.169898,0.836663,6.94e-04,AutoSMC + IQ-Mixup (Method 1),2026-04-25T03:43:08.265654
2,-1,2,47,1.158102,0.107295,6.82e-04,AutoSMC + IQ-Mixup (Method 1),2026-04-25T03:43:33.305822
2,-1,2,48,1.178293,0.444883,6.70e-04,AutoSMC + IQ-Mixup (Method 1),2026-04-25T03:43:58.370538
2,-1,2,49,1.187908,0.536776,6.58e-04,AutoSMC + IQ-Mixup (Method 1),2026-04-25T03:44:23.336755
2,-1,2,50,1.156856,0.449301,6.46e-04,AutoSMC + IQ-Mixup (Method 1),2026-04-25T03:44:48.687819
2,-1,2,51,1.164129,0.531241,6.33e-04,AutoSMC + IQ-Mixup (Method 1),2026-04-25T03:45:13.756373
2,-1,2,52,1.170580,0.814909,6.21e-04,AutoSMC + IQ-Mixup (Method 1),2026-04-25T03:45:38.851760
2,-1,2,53,1.172453,0.534507,6.08e-04,AutoSMC + IQ-Mixup (Method 1),2026-04-25T03:46:03.958133
2,-1,2,54,1.137043,0.484035,5.95e-04,AutoSMC + IQ-Mixup (Method 1),2026-04-25T03:46:29.118878
2,-1,2,55,1.172419,0.631505,5.82e-04,AutoSMC + IQ-Mixup (Method 1),2026-04-25T03:46:54.287386
2,-1,2,56,1.131134,0.842080,5.70e-04,AutoSMC + IQ-Mixup (Method 1),2026-04-25T03:47:19.334230
2,-1,2,57,1.135248,0.768675,5.57e-04,AutoSMC + IQ-Mixup (Method 1),2026-04-25T03:47:44.297953
2,-1,2,58,1.143308,0.809812,5.44e-04,AutoSMC + IQ-Mixup (Method 1),2026-04-25T03:48:09.251646
2,-1,2,59,1.134059,0.839748,5.31e-04,AutoSMC + IQ-Mixup (Method 1),2026-04-25T03:48:34.248920
2,-1,2,60,1.136753,0.438590,5.18e-04,AutoSMC + IQ-Mixup (Method 1),2026-04-25T03:48:59.108080
2,-1,2,61,1.096678,0.773458,5.05e-04,AutoSMC + IQ-Mixup (Method 1),2026-04-25T03:49:24.392118
2,-1,2,62,1.140371,0.106518,4.92e-04,AutoSMC + IQ-Mixup (Method 1),2026-04-25T03:49:49.628457
2,-1,2,63,1.107768,0.236797,4.79e-04,AutoSMC + IQ-Mixup (Method 1),2026-04-25T03:50:14.956611
2,-1,2,64,1.139395,0.565025,4.66e-04,AutoSMC + IQ-Mixup (Method 1),2026-04-25T03:50:39.881685
2,-1,2,65,1.140551,0.579574,4.53e-04,AutoSMC + IQ-Mixup (Method 1),2026-04-25T03:51:04.709510
2,-1,2,66,1.155040,0.692837,4.40e-04,AutoSMC + IQ-Mixup (Method 1),2026-04-25T03:51:29.787562
2,-1,2,67,1.127493,0.844333,4.28e-04,AutoSMC + IQ-Mixup (Method 1),2026-04-25T03:51:54.652240
2,-1,2,68,1.094891,0.519574,4.15e-04,AutoSMC + IQ-Mixup (Method 1),2026-04-25T03:52:19.780350
2,-1,2,69,1.106525,0.645083,4.02e-04,AutoSMC + IQ-Mixup (Method 1),2026-04-25T03:52:44.861198
2,-1,2,70,1.124418,0.769998,3.89e-04,AutoSMC + IQ-Mixup (Method 1),2026-04-25T03:53:10.072023
2,-1,2,71,1.125099,0.554791,3.77e-04,AutoSMC + IQ-Mixup (Method 1),2026-04-25T03:53:35.358264
2,-1,2,72,1.105634,0.107286,3.64e-04,AutoSMC + IQ-Mixup (Method 1),2026-04-25T03:54:00.499699
2,-1,2,73,1.129993,0.439234,3.52e-04,AutoSMC + IQ-Mixup (Method 1),2026-04-25T03:54:25.675007
2,-1,2,74,1.110442,0.708930,3.40e-04,AutoSMC + IQ-Mixup (Method 1),2026-04-25T03:54:50.817648
2,-1,2,75,1.106960,0.689604,3.28e-04,AutoSMC + IQ-Mixup (Method 1),2026-04-25T03:55:15.873123
2,-1,2,76,1.115308,0.528118,3.16e-04,AutoSMC + IQ-Mixup (Method 1),2026-04-25T03:55:41.436992
2,-1,2,77,1.098543,0.754000,3.04e-04,AutoSMC + IQ-Mixup (Method 1),2026-04-25T03:56:06.485143
2,-1,2,78,1.090352,0.598704,2.92e-04,AutoSMC + IQ-Mixup (Method 1),2026-04-25T03:56:31.415916
2,-1,2,79,1.113283,0.750464,2.80e-04,AutoSMC + IQ-Mixup (Method 1),2026-04-25T03:56:56.462817
2,-1,2,80,1.092624,0.480633,2.69e-04,AutoSMC + IQ-Mixup (Method 1),2026-04-25T03:57:21.545851
2,-1,2,81,1.124091,0.764999,2.58e-04,AutoSMC + IQ-Mixup (Method 1),2026-04-25T03:57:46.290103
2,-1,2,82,1.115472,0.594276,2.46e-04,AutoSMC + IQ-Mixup (Method 1),2026-04-25T03:58:11.012100
2,-1,2,83,1.112678,0.802211,2.35e-04,AutoSMC + IQ-Mixup (Method 1),2026-04-25T03:58:35.966607
2,-1,2,84,1.098080,0.795925,2.25e-04,AutoSMC + IQ-Mixup (Method 1),2026-04-25T03:59:00.697230
2,-1,2,85,1.102469,0.579030,2.14e-04,AutoSMC + IQ-Mixup (Method 1),2026-04-25T03:59:25.390694
2,-1,2,86,1.085045,0.866439,2.04e-04,AutoSMC + IQ-Mixup (Method 1),2026-04-25T03:59:50.284449
2,-1,2,87,1.097410,0.829162,1.93e-04,AutoSMC + IQ-Mixup (Method 1),2026-04-25T04:00:15.148006
2,-1,2,88,1.088197,0.689496,1.84e-04,AutoSMC + IQ-Mixup (Method 1),2026-04-25T04:00:40.199279
2,-1,2,89,1.083270,0.879430,1.74e-04,AutoSMC + IQ-Mixup (Method 1),2026-04-25T04:01:04.880374
2,-1,2,90,1.095101,0.705087,1.64e-04,AutoSMC + IQ-Mixup (Method 1),2026-04-25T04:01:29.729388
2,-1,2,91,1.078145,0.759754,1.55e-04,AutoSMC + IQ-Mixup (Method 1),2026-04-25T04:01:54.768224
2,-1,2,92,1.063810,0.882916,1.46e-04,AutoSMC + IQ-Mixup (Method 1),2026-04-25T04:02:19.738523
2,-1,2,93,1.079820,0.768625,1.37e-04,AutoSMC + IQ-Mixup (Method 1),2026-04-25T04:02:44.889045
2,-1,2,94,1.070435,0.741474,1.29e-04,AutoSMC + IQ-Mixup (Method 1),2026-04-25T04:03:09.638485
2,-1,2,95,1.092128,0.831248,1.20e-04,AutoSMC + IQ-Mixup (Method 1),2026-04-25T04:03:34.556452
2,-1,2,96,1.099930,0.738434,1.12e-04,AutoSMC + IQ-Mixup (Method 1),2026-04-25T04:03:59.288956
2,-1,2,97,1.067755,0.675729,1.05e-04,AutoSMC + IQ-Mixup (Method 1),2026-04-25T04:04:24.182985
2,-1,2,98,1.072899,0.713857,9.71e-05,AutoSMC + IQ-Mixup (Method 1),2026-04-25T04:04:49.276021
2,-1,2,99,1.076617,0.880708,8.99e-05,AutoSMC + IQ-Mixup (Method 1),2026-04-25T04:05:14.071579
2,-1,2,100,1.073305,0.760521,8.29e-05,AutoSMC + IQ-Mixup (Method 1),2026-04-25T04:05:38.806589
2,-1,2,101,1.072622,0.849124,7.63e-05,AutoSMC + IQ-Mixup (Method 1),2026-04-25T04:06:03.672556
2,-1,2,102,1.051346,0.887757,7.00e-05,AutoSMC + IQ-Mixup (Method 1),2026-04-25T04:06:28.510668
2,-1,2,103,1.067018,0.880726,6.40e-05,AutoSMC + IQ-Mixup (Method 1),2026-04-25T04:06:53.365411
2,-1,2,104,1.049788,0.887716,5.82e-05,AutoSMC + IQ-Mixup (Method 1),2026-04-25T04:07:18.077925
2,-1,2,105,1.066452,0.828730,5.28e-05,AutoSMC + IQ-Mixup (Method 1),2026-04-25T04:07:43.165467
2,-1,2,106,1.087362,0.857919,4.77e-05,AutoSMC + IQ-Mixup (Method 1),2026-04-25T04:08:08.027058
2,-1,2,107,1.068767,0.873070,4.29e-05,AutoSMC + IQ-Mixup (Method 1),2026-04-25T04:08:33.285130
2,-1,2,108,1.073851,0.875080,3.84e-05,AutoSMC + IQ-Mixup (Method 1),2026-04-25T04:08:58.786621
2,-1,2,109,1.078196,0.860509,3.42e-05,AutoSMC + IQ-Mixup (Method 1),2026-04-25T04:09:24.107525
2,-1,2,110,1.062287,0.877288,3.04e-05,AutoSMC + IQ-Mixup (Method 1),2026-04-25T04:09:49.277221
2,-1,2,111,1.069242,0.880764,2.69e-05,AutoSMC + IQ-Mixup (Method 1),2026-04-25T04:10:14.510930
2,-1,2,112,1.070575,0.875489,2.37e-05,AutoSMC + IQ-Mixup (Method 1),2026-04-25T04:10:39.756201
2,-1,2,113,1.070264,0.885895,2.08e-05,AutoSMC + IQ-Mixup (Method 1),2026-04-25T04:11:04.795427
2,-1,2,114,1.081299,0.882314,1.83e-05,AutoSMC + IQ-Mixup (Method 1),2026-04-25T04:11:29.784929
2,-1,2,115,1.040197,0.883092,1.61e-05,AutoSMC + IQ-Mixup (Method 1),2026-04-25T04:11:54.662863
2,-1,2,116,1.071880,0.886114,1.42e-05,AutoSMC + IQ-Mixup (Method 1),2026-04-25T04:12:20.230063
2,-1,2,117,1.063133,0.885257,1.27e-05,AutoSMC + IQ-Mixup (Method 1),2026-04-25T04:12:45.316974
2,-1,2,118,1.043345,0.882968,1.15e-05,AutoSMC + IQ-Mixup (Method 1),2026-04-25T04:13:10.080330
2,-1,2,119,1.068770,0.882916,1.07e-05,AutoSMC + IQ-Mixup (Method 1),2026-04-25T04:13:35.139646
2,-1,2,120,1.058620,0.873921,1.02e-05,AutoSMC + IQ-Mixup (Method 1),2026-04-25T04:14:00.031011
2,-1,3,1,1.757895,0.015152,1.00e-03,AutoSMC + IQ-Mixup (Method 1),2026-04-25T04:14:23.095165
2,-1,3,2,1.458030,0.015170,1.00e-03,AutoSMC + IQ-Mixup (Method 1),2026-04-25T04:14:45.445336
2,-1,3,3,1.366968,0.044137,9.99e-04,AutoSMC + IQ-Mixup (Method 1),2026-04-25T04:15:07.677856
2,-1,3,4,1.391267,0.099556,9.98e-04,AutoSMC + IQ-Mixup (Method 1),2026-04-25T04:15:30.086430
2,-1,3,5,1.308720,0.107337,9.97e-04,AutoSMC + IQ-Mixup (Method 1),2026-04-25T04:15:52.647078
2,-1,3,6,1.338254,0.110283,9.96e-04,AutoSMC + IQ-Mixup (Method 1),2026-04-25T04:16:14.989701
2,-1,3,7,1.306393,0.144277,9.94e-04,AutoSMC + IQ-Mixup (Method 1),2026-04-25T04:16:37.478052
2,-1,3,8,1.280994,0.635529,9.92e-04,AutoSMC + IQ-Mixup (Method 1),2026-04-25T04:16:59.995048
2,-1,3,9,1.251002,0.410617,9.89e-04,AutoSMC + IQ-Mixup (Method 1),2026-04-25T04:17:22.811656
2,-1,3,10,1.279386,0.522265,9.86e-04,AutoSMC + IQ-Mixup (Method 1),2026-04-25T04:17:45.400174
2,-1,3,11,1.254530,0.583455,9.83e-04,AutoSMC + IQ-Mixup (Method 1),2026-04-25T04:18:07.871207
2,-1,3,12,1.260894,0.323764,9.80e-04,AutoSMC + IQ-Mixup (Method 1),2026-04-25T04:18:30.291913
2,-1,3,13,1.261287,0.593955,9.76e-04,AutoSMC + IQ-Mixup (Method 1),2026-04-25T04:18:52.588107
2,-1,3,14,1.257922,0.415871,9.72e-04,AutoSMC + IQ-Mixup (Method 1),2026-04-25T04:19:15.088028
2,-1,3,15,1.208696,0.506929,9.67e-04,AutoSMC + IQ-Mixup (Method 1),2026-04-25T04:19:37.626438
2,-1,3,16,1.254192,0.622398,9.62e-04,AutoSMC + IQ-Mixup (Method 1),2026-04-25T04:20:00.111827
2,-1,3,17,1.241433,0.663367,9.57e-04,AutoSMC + IQ-Mixup (Method 1),2026-04-25T04:20:22.591667
2,-1,3,18,1.213200,0.799638,9.52e-04,AutoSMC + IQ-Mixup (Method 1),2026-04-25T04:20:45.243786
2,-1,3,19,1.211957,0.728149,9.46e-04,AutoSMC + IQ-Mixup (Method 1),2026-04-25T04:21:07.621542
2,-1,3,20,1.231939,0.606602,9.40e-04,AutoSMC + IQ-Mixup (Method 1),2026-04-25T04:21:30.049620
2,-1,3,21,1.260214,0.778029,9.34e-04,AutoSMC + IQ-Mixup (Method 1),2026-04-25T04:21:52.776276
2,-1,3,22,1.229447,0.534949,9.27e-04,AutoSMC + IQ-Mixup (Method 1),2026-04-25T04:22:15.434990
2,-1,3,23,1.224013,0.188958,9.20e-04,AutoSMC + IQ-Mixup (Method 1),2026-04-25T04:22:38.032264
2,-1,3,24,1.212463,0.537339,9.13e-04,AutoSMC + IQ-Mixup (Method 1),2026-04-25T04:23:00.416922
2,-1,3,25,1.217291,0.789996,9.05e-04,AutoSMC + IQ-Mixup (Method 1),2026-04-25T04:23:23.324920
2,-1,3,26,1.196472,0.748202,8.98e-04,AutoSMC + IQ-Mixup (Method 1),2026-04-25T04:23:45.990866
2,-1,3,27,1.233153,0.680458,8.90e-04,AutoSMC + IQ-Mixup (Method 1),2026-04-25T04:24:08.613308
2,-1,3,28,1.203236,0.615042,8.81e-04,AutoSMC + IQ-Mixup (Method 1),2026-04-25T04:24:31.204456
2,-1,3,29,1.200511,0.597638,8.73e-04,AutoSMC + IQ-Mixup (Method 1),2026-04-25T04:24:53.773448
2,-1,3,30,1.232631,0.677735,8.64e-04,AutoSMC + IQ-Mixup (Method 1),2026-04-25T04:25:16.384633
2,-1,3,31,1.202353,0.595952,8.55e-04,AutoSMC + IQ-Mixup (Method 1),2026-04-25T04:25:39.270095
2,-1,3,32,1.201489,0.591981,8.46e-04,AutoSMC + IQ-Mixup (Method 1),2026-04-25T04:26:01.644098
2,-1,3,33,1.193275,0.728791,8.36e-04,AutoSMC + IQ-Mixup (Method 1),2026-04-25T04:26:24.077475
2,-1,3,34,1.187544,0.664198,8.26e-04,AutoSMC + IQ-Mixup (Method 1),2026-04-25T04:26:47.069852
2,-1,3,35,1.185162,0.848085,8.17e-04,AutoSMC + IQ-Mixup (Method 1),2026-04-25T04:27:09.630939
2,-1,3,36,1.199826,0.224717,8.06e-04,AutoSMC + IQ-Mixup (Method 1),2026-04-25T04:27:32.395751
2,-1,3,37,1.202624,0.654727,7.96e-04,AutoSMC + IQ-Mixup (Method 1),2026-04-25T04:27:55.184282
2,-1,3,38,1.211986,0.150583,7.85e-04,AutoSMC + IQ-Mixup (Method 1),2026-04-25T04:28:17.869866
2,-1,3,39,1.194007,0.255284,7.75e-04,AutoSMC + IQ-Mixup (Method 1),2026-04-25T04:28:40.770400
2,-1,3,40,1.193117,0.403777,7.64e-04,AutoSMC + IQ-Mixup (Method 1),2026-04-25T04:29:03.473869
2,-1,3,41,1.195847,0.312237,7.52e-04,AutoSMC + IQ-Mixup (Method 1),2026-04-25T04:29:25.964718
2,-1,3,42,1.207359,0.697150,7.41e-04,AutoSMC + IQ-Mixup (Method 1),2026-04-25T04:29:48.557321
2,-1,3,43,1.171856,0.568853,7.30e-04,AutoSMC + IQ-Mixup (Method 1),2026-04-25T04:30:10.904792
2,-1,3,44,1.163658,0.687386,7.18e-04,AutoSMC + IQ-Mixup (Method 1),2026-04-25T04:30:33.356027
2,-1,3,45,1.166278,0.567205,7.06e-04,AutoSMC + IQ-Mixup (Method 1),2026-04-25T04:30:55.884315
2,-1,3,46,1.184620,0.666730,6.94e-04,AutoSMC + IQ-Mixup (Method 1),2026-04-25T04:31:18.424442
2,-1,3,47,1.167662,0.850384,6.82e-04,AutoSMC + IQ-Mixup (Method 1),2026-04-25T04:31:40.897242
2,-1,3,48,1.181622,0.433239,6.70e-04,AutoSMC + IQ-Mixup (Method 1),2026-04-25T04:32:03.300784
2,-1,3,49,1.129200,0.845449,6.58e-04,AutoSMC + IQ-Mixup (Method 1),2026-04-25T04:32:25.834379
2,-1,3,50,1.140046,0.624654,6.46e-04,AutoSMC + IQ-Mixup (Method 1),2026-04-25T04:32:49.170815
2,-1,3,51,1.159104,0.728766,6.33e-04,AutoSMC + IQ-Mixup (Method 1),2026-04-25T04:33:11.859067
2,-1,3,52,1.162242,0.711117,6.21e-04,AutoSMC + IQ-Mixup (Method 1),2026-04-25T04:33:34.563999
2,-1,3,53,1.157341,0.587938,6.08e-04,AutoSMC + IQ-Mixup (Method 1),2026-04-25T04:33:57.110545
2,-1,3,54,1.133183,0.562786,5.95e-04,AutoSMC + IQ-Mixup (Method 1),2026-04-25T04:34:19.568248
2,-1,3,55,1.145681,0.643682,5.82e-04,AutoSMC + IQ-Mixup (Method 1),2026-04-25T04:34:42.403491
2,-1,3,56,1.156454,0.796338,5.70e-04,AutoSMC + IQ-Mixup (Method 1),2026-04-25T04:35:05.111273
2,-1,3,57,1.149501,0.463097,5.57e-04,AutoSMC + IQ-Mixup (Method 1),2026-04-25T04:35:27.883581
2,-1,3,58,1.143563,0.682810,5.44e-04,AutoSMC + IQ-Mixup (Method 1),2026-04-25T04:35:50.904556
2,-1,3,59,1.147305,0.719919,5.31e-04,AutoSMC + IQ-Mixup (Method 1),2026-04-25T04:36:13.594869
2,-1,3,60,1.122621,0.534651,5.18e-04,AutoSMC + IQ-Mixup (Method 1),2026-04-25T04:36:36.585888
2,-1,3,61,1.098026,0.743510,5.05e-04,AutoSMC + IQ-Mixup (Method 1),2026-04-25T04:36:59.353334
2,-1,3,62,1.154725,0.619946,4.92e-04,AutoSMC + IQ-Mixup (Method 1),2026-04-25T04:37:22.428940
2,-1,3,63,1.126979,0.432504,4.79e-04,AutoSMC + IQ-Mixup (Method 1),2026-04-25T04:37:45.309027
2,-1,3,64,1.141387,0.574070,4.66e-04,AutoSMC + IQ-Mixup (Method 1),2026-04-25T04:38:07.945805
2,-1,3,65,1.137659,0.484976,4.53e-04,AutoSMC + IQ-Mixup (Method 1),2026-04-25T04:38:30.723858
2,-1,3,66,1.143484,0.841443,4.40e-04,AutoSMC + IQ-Mixup (Method 1),2026-04-25T04:38:53.607755
2,-1,3,67,1.117132,0.761457,4.28e-04,AutoSMC + IQ-Mixup (Method 1),2026-04-25T04:39:15.890310
2,-1,3,68,1.105074,0.844598,4.15e-04,AutoSMC + IQ-Mixup (Method 1),2026-04-25T04:39:38.115124
2,-1,3,69,1.135073,0.719296,4.02e-04,AutoSMC + IQ-Mixup (Method 1),2026-04-25T04:40:00.639345
2,-1,3,70,1.131789,0.589089,3.89e-04,AutoSMC + IQ-Mixup (Method 1),2026-04-25T04:40:22.965099
2,-1,3,71,1.116852,0.808498,3.77e-04,AutoSMC + IQ-Mixup (Method 1),2026-04-25T04:40:45.481879
2,-1,3,72,1.099194,0.747720,3.64e-04,AutoSMC + IQ-Mixup (Method 1),2026-04-25T04:41:07.673487
2,-1,3,73,1.117981,0.688254,3.52e-04,AutoSMC + IQ-Mixup (Method 1),2026-04-25T04:41:30.080035
2,-1,3,74,1.116730,0.704208,3.40e-04,AutoSMC + IQ-Mixup (Method 1),2026-04-25T04:41:52.408290
2,-1,3,75,1.113093,0.836168,3.28e-04,AutoSMC + IQ-Mixup (Method 1),2026-04-25T04:42:14.703407
2,-1,3,76,1.098367,0.717195,3.16e-04,AutoSMC + IQ-Mixup (Method 1),2026-04-25T04:42:37.256914
2,-1,3,77,1.118981,0.767967,3.04e-04,AutoSMC + IQ-Mixup (Method 1),2026-04-25T04:42:59.879198
2,-1,3,78,1.108097,0.781412,2.92e-04,AutoSMC + IQ-Mixup (Method 1),2026-04-25T04:43:22.224020
2,-1,3,79,1.110289,0.844491,2.80e-04,AutoSMC + IQ-Mixup (Method 1),2026-04-25T04:43:44.656722
2,-1,3,80,1.115684,0.782811,2.69e-04,AutoSMC + IQ-Mixup (Method 1),2026-04-25T04:44:06.958948
2,-1,3,81,1.102393,0.816349,2.58e-04,AutoSMC + IQ-Mixup (Method 1),2026-04-25T04:44:29.230535
2,-1,3,82,1.112904,0.739822,2.46e-04,AutoSMC + IQ-Mixup (Method 1),2026-04-25T04:44:51.576492
2,-1,3,83,1.096507,0.777081,2.35e-04,AutoSMC + IQ-Mixup (Method 1),2026-04-25T04:45:13.709867
2,-1,3,84,1.091118,0.855724,2.25e-04,AutoSMC + IQ-Mixup (Method 1),2026-04-25T04:45:35.932521
2,-1,3,85,1.111306,0.761176,2.14e-04,AutoSMC + IQ-Mixup (Method 1),2026-04-25T04:45:58.255707
2,-1,3,86,1.100969,0.855722,2.04e-04,AutoSMC + IQ-Mixup (Method 1),2026-04-25T04:46:20.322605
2,-1,3,87,1.100254,0.759819,1.93e-04,AutoSMC + IQ-Mixup (Method 1),2026-04-25T04:46:42.647898
2,-1,3,88,1.101104,0.778220,1.84e-04,AutoSMC + IQ-Mixup (Method 1),2026-04-25T04:47:04.893513
2,-1,3,89,1.081928,0.861842,1.74e-04,AutoSMC + IQ-Mixup (Method 1),2026-04-25T04:47:27.038569
2,-1,3,90,1.102062,0.841829,1.64e-04,AutoSMC + IQ-Mixup (Method 1),2026-04-25T04:47:49.344537
2,-1,3,91,1.069857,0.846379,1.55e-04,AutoSMC + IQ-Mixup (Method 1),2026-04-25T04:48:11.732290
2,-1,3,92,1.083285,0.889825,1.46e-04,AutoSMC + IQ-Mixup (Method 1),2026-04-25T04:48:33.784963
2,-1,3,93,1.077246,0.765634,1.37e-04,AutoSMC + IQ-Mixup (Method 1),2026-04-25T04:48:55.959274
2,-1,3,94,1.107375,0.786634,1.29e-04,AutoSMC + IQ-Mixup (Method 1),2026-04-25T04:49:18.213351
2,-1,3,95,1.069780,0.829325,1.20e-04,AutoSMC + IQ-Mixup (Method 1),2026-04-25T04:49:40.421267
2,-1,3,96,1.062473,0.899020,1.12e-04,AutoSMC + IQ-Mixup (Method 1),2026-04-25T04:50:02.465205
2,-1,3,97,1.072935,0.859204,1.05e-04,AutoSMC + IQ-Mixup (Method 1),2026-04-25T04:50:24.551422
2,-1,3,98,1.072787,0.766350,9.71e-05,AutoSMC + IQ-Mixup (Method 1),2026-04-25T04:50:46.947712
2,-1,3,99,1.073845,0.849523,8.99e-05,AutoSMC + IQ-Mixup (Method 1),2026-04-25T04:51:09.140806
2,-1,3,100,1.074505,0.766555,8.29e-05,AutoSMC + IQ-Mixup (Method 1),2026-04-25T04:51:31.328560
2,-1,3,101,1.089367,0.850386,7.63e-05,AutoSMC + IQ-Mixup (Method 1),2026-04-25T04:51:53.887312
2,-1,3,102,1.057985,0.857806,7.00e-05,AutoSMC + IQ-Mixup (Method 1),2026-04-25T04:52:16.072613
2,-1,3,103,1.097967,0.880048,6.40e-05,AutoSMC + IQ-Mixup (Method 1),2026-04-25T04:52:38.333192
2,-1,3,104,1.083205,0.829341,5.82e-05,AutoSMC + IQ-Mixup (Method 1),2026-04-25T04:53:00.690968
2,-1,3,105,1.059321,0.886161,5.28e-05,AutoSMC + IQ-Mixup (Method 1),2026-04-25T04:53:22.902916
2,-1,3,106,1.076382,0.894225,4.77e-05,AutoSMC + IQ-Mixup (Method 1),2026-04-25T04:53:45.180940
2,-1,3,107,1.089714,0.899802,4.29e-05,AutoSMC + IQ-Mixup (Method 1),2026-04-25T04:54:07.477338
2,-1,3,108,1.089378,0.890367,3.84e-05,AutoSMC + IQ-Mixup (Method 1),2026-04-25T04:54:29.768770
2,-1,3,109,1.070046,0.884858,3.42e-05,AutoSMC + IQ-Mixup (Method 1),2026-04-25T04:54:52.076335
2,-1,3,110,1.089918,0.895380,3.04e-05,AutoSMC + IQ-Mixup (Method 1),2026-04-25T04:55:14.291100
2,-1,3,111,1.072240,0.899211,2.69e-05,AutoSMC + IQ-Mixup (Method 1),2026-04-25T04:55:36.438889
2,-1,3,112,1.035504,0.850532,2.37e-05,AutoSMC + IQ-Mixup (Method 1),2026-04-25T04:55:58.621882
2,-1,3,113,1.078300,0.900771,2.08e-05,AutoSMC + IQ-Mixup (Method 1),2026-04-25T04:56:20.788312
2,-1,3,114,1.079584,0.896737,1.83e-05,AutoSMC + IQ-Mixup (Method 1),2026-04-25T04:56:43.184113
2,-1,3,115,1.073796,0.901767,1.61e-05,AutoSMC + IQ-Mixup (Method 1),2026-04-25T04:57:05.256348
2,-1,3,116,1.098121,0.900306,1.42e-05,AutoSMC + IQ-Mixup (Method 1),2026-04-25T04:57:27.425489
2,-1,3,117,1.054498,0.901310,1.27e-05,AutoSMC + IQ-Mixup (Method 1),2026-04-25T04:57:49.608271
2,-1,3,118,1.108139,0.898399,1.15e-05,AutoSMC + IQ-Mixup (Method 1),2026-04-25T04:58:11.762104
2,-1,3,119,1.095486,0.896973,1.07e-05,AutoSMC + IQ-Mixup (Method 1),2026-04-25T04:58:33.968669
2,-1,3,120,1.098788,0.901655,1.02e-05,AutoSMC + IQ-Mixup (Method 1),2026-04-25T04:58:56.131603
2,0,0,1,1.744590,0.015152,1.00e-03,AutoSMC + IQ-Mixup (Method 1),2026-04-25T04:59:22.624084
2,0,0,2,1.453168,0.015152,1.00e-03,AutoSMC + IQ-Mixup (Method 1),2026-04-25T04:59:48.368963
2,0,0,3,1.401901,0.015152,1.00e-03,AutoSMC + IQ-Mixup (Method 1),2026-04-25T05:00:14.190724
2,0,0,4,1.341643,0.052656,1.00e-03,AutoSMC + IQ-Mixup (Method 1),2026-04-25T05:00:39.971787
2,0,0,5,1.313614,0.016801,1.00e-03,AutoSMC + IQ-Mixup (Method 1),2026-04-25T05:01:05.541048
2,0,0,6,1.336645,0.069583,1.00e-03,AutoSMC + IQ-Mixup (Method 1),2026-04-25T05:01:31.324060
2,0,0,7,1.313427,0.082309,1.00e-03,AutoSMC + IQ-Mixup (Method 1),2026-04-25T05:01:56.975439
2,0,0,8,1.299141,0.287860,1.00e-03,AutoSMC + IQ-Mixup (Method 1),2026-04-25T05:02:22.589116
2,0,0,9,1.295954,0.399178,9.99e-04,AutoSMC + IQ-Mixup (Method 1),2026-04-25T05:02:48.291843
2,0,0,10,1.270347,0.435591,9.99e-04,AutoSMC + IQ-Mixup (Method 1),2026-04-25T05:03:14.085356
2,0,0,11,1.261750,0.610055,9.99e-04,AutoSMC + IQ-Mixup (Method 1),2026-04-25T05:03:39.721447
2,0,0,12,1.250931,0.705642,9.99e-04,AutoSMC + IQ-Mixup (Method 1),2026-04-25T05:04:05.513146
2,0,0,13,1.269854,0.496788,9.99e-04,AutoSMC + IQ-Mixup (Method 1),2026-04-25T05:04:31.785594
2,0,0,14,1.251267,0.614019,9.98e-04,AutoSMC + IQ-Mixup (Method 1),2026-04-25T05:04:57.790905
2,0,0,15,1.244404,0.315723,9.98e-04,AutoSMC + IQ-Mixup (Method 1),2026-04-25T05:05:24.007250
2,0,0,16,1.258359,0.407936,9.98e-04,AutoSMC + IQ-Mixup (Method 1),2026-04-25T05:05:50.518255
2,0,0,17,1.237863,0.734104,9.98e-04,AutoSMC + IQ-Mixup (Method 1),2026-04-25T05:06:16.504873
2,0,0,18,1.250046,0.528116,9.97e-04,AutoSMC + IQ-Mixup (Method 1),2026-04-25T05:06:42.397746
2,0,0,19,1.238694,0.488177,9.97e-04,AutoSMC + IQ-Mixup (Method 1),2026-04-25T05:07:08.619904
2,0,0,20,1.204111,0.759353,9.96e-04,AutoSMC + IQ-Mixup (Method 1),2026-04-25T05:07:34.815096
2,0,0,21,1.241102,0.653942,9.96e-04,AutoSMC + IQ-Mixup (Method 1),2026-04-25T05:08:01.117215
2,0,0,22,1.207561,0.824734,9.96e-04,AutoSMC + IQ-Mixup (Method 1),2026-04-25T05:08:27.036096
2,0,0,23,1.209142,0.103622,9.95e-04,AutoSMC + IQ-Mixup (Method 1),2026-04-25T05:08:53.479434
2,0,0,24,1.216264,0.605222,9.95e-04,AutoSMC + IQ-Mixup (Method 1),2026-04-25T05:09:19.886235
2,0,0,25,1.218580,0.488227,9.94e-04,AutoSMC + IQ-Mixup (Method 1),2026-04-25T05:09:46.555799
2,0,0,26,1.226911,0.678401,9.94e-04,AutoSMC + IQ-Mixup (Method 1),2026-04-25T05:10:12.433578
2,0,0,27,1.201639,0.823467,9.93e-04,AutoSMC + IQ-Mixup (Method 1),2026-04-25T05:10:38.755626
2,0,0,28,1.228344,0.498920,9.93e-04,AutoSMC + IQ-Mixup (Method 1),2026-04-25T05:11:05.003226
2,0,0,29,1.205749,0.688081,9.92e-04,AutoSMC + IQ-Mixup (Method 1),2026-04-25T05:11:31.140899
2,0,0,30,1.173628,0.716740,9.92e-04,AutoSMC + IQ-Mixup (Method 1),2026-04-25T05:11:57.200238
2,0,0,31,1.195175,0.591401,9.91e-04,AutoSMC + IQ-Mixup (Method 1),2026-04-25T05:12:23.356894
2,0,0,32,1.233543,0.847982,9.91e-04,AutoSMC + IQ-Mixup (Method 1),2026-04-25T05:12:49.262092
2,0,0,33,1.201712,0.411759,9.90e-04,AutoSMC + IQ-Mixup (Method 1),2026-04-25T05:13:15.453785
2,0,0,34,1.214671,0.803827,9.89e-04,AutoSMC + IQ-Mixup (Method 1),2026-04-25T05:13:41.435579
2,0,0,35,1.207878,0.478828,9.89e-04,AutoSMC + IQ-Mixup (Method 1),2026-04-25T05:14:07.587023
2,0,0,36,1.190936,0.640978,9.88e-04,AutoSMC + IQ-Mixup (Method 1),2026-04-25T05:14:33.817501
2,0,0,37,1.203936,0.479516,9.87e-04,AutoSMC + IQ-Mixup (Method 1),2026-04-25T05:15:00.619130
2,0,0,38,1.194722,0.698118,9.87e-04,AutoSMC + IQ-Mixup (Method 1),2026-04-25T05:15:27.047764
2,0,0,39,1.200192,0.648984,9.86e-04,AutoSMC + IQ-Mixup (Method 1),2026-04-25T05:15:53.211253
2,0,0,40,1.201923,0.694560,9.85e-04,AutoSMC + IQ-Mixup (Method 1),2026-04-25T05:16:19.264902
2,0,0,41,1.193837,0.704350,9.84e-04,AutoSMC + IQ-Mixup (Method 1),2026-04-25T05:16:45.355311
2,0,0,42,1.188676,0.683283,9.84e-04,AutoSMC + IQ-Mixup (Method 1),2026-04-25T05:17:11.766748
2,0,0,43,1.155264,0.591737,9.83e-04,AutoSMC + IQ-Mixup (Method 1),2026-04-25T05:17:38.109914
2,0,0,44,1.175812,0.628025,9.82e-04,AutoSMC + IQ-Mixup (Method 1),2026-04-25T05:18:04.043721
2,0,0,45,1.172924,0.621175,9.81e-04,AutoSMC + IQ-Mixup (Method 1),2026-04-25T05:18:30.605511
2,0,0,46,1.190601,0.772800,9.80e-04,AutoSMC + IQ-Mixup (Method 1),2026-04-25T05:18:56.700821
2,0,0,47,1.176223,0.530285,9.79e-04,AutoSMC + IQ-Mixup (Method 1),2026-04-25T05:19:22.725527
2,0,0,48,1.191759,0.128682,9.79e-04,AutoSMC + IQ-Mixup (Method 1),2026-04-25T05:19:48.877944
2,0,0,49,1.177081,0.438420,9.78e-04,AutoSMC + IQ-Mixup (Method 1),2026-04-25T05:20:14.911805
2,0,0,50,1.170303,0.594325,9.77e-04,AutoSMC + IQ-Mixup (Method 1),2026-04-25T05:20:41.574601
2,0,0,51,1.149817,0.644422,9.76e-04,AutoSMC + IQ-Mixup (Method 1),2026-04-25T05:21:07.696084
2,0,0,52,1.160197,0.466339,9.75e-04,AutoSMC + IQ-Mixup (Method 1),2026-04-25T05:21:34.168253
2,0,0,53,1.180902,0.545931,9.74e-04,AutoSMC + IQ-Mixup (Method 1),2026-04-25T05:22:00.293054
2,0,0,54,1.174235,0.375533,9.73e-04,AutoSMC + IQ-Mixup (Method 1),2026-04-25T05:22:26.699918
2,0,0,55,1.162927,0.552319,9.72e-04,AutoSMC + IQ-Mixup (Method 1),2026-04-25T05:22:53.098914
2,0,0,56,1.171378,0.622953,9.71e-04,AutoSMC + IQ-Mixup (Method 1),2026-04-25T05:23:19.483612
2,0,0,57,1.146941,0.591996,9.70e-04,AutoSMC + IQ-Mixup (Method 1),2026-04-25T05:23:45.621764
2,0,0,58,1.162295,0.810159,9.69e-04,AutoSMC + IQ-Mixup (Method 1),2026-04-25T05:24:11.712141
2,0,0,59,1.138123,0.456982,9.67e-04,AutoSMC + IQ-Mixup (Method 1),2026-04-25T05:24:38.225992
2,0,0,60,1.190459,0.475928,9.66e-04,AutoSMC + IQ-Mixup (Method 1),2026-04-25T05:25:04.478179
2,0,0,61,1.141378,0.591507,9.65e-04,AutoSMC + IQ-Mixup (Method 1),2026-04-25T05:25:30.853864
2,0,0,62,1.162075,0.867191,9.64e-04,AutoSMC + IQ-Mixup (Method 1),2026-04-25T05:25:57.061612
2,0,0,63,1.177355,0.633686,9.63e-04,AutoSMC + IQ-Mixup (Method 1),2026-04-25T05:26:23.331887
2,0,0,64,1.153312,0.373850,9.62e-04,AutoSMC + IQ-Mixup (Method 1),2026-04-25T05:26:49.478401
2,0,0,65,1.141913,0.185069,9.61e-04,AutoSMC + IQ-Mixup (Method 1),2026-04-25T05:27:15.305836
2,0,0,66,1.161884,0.813617,9.59e-04,AutoSMC + IQ-Mixup (Method 1),2026-04-25T05:27:41.363465
2,0,0,67,1.134519,0.729126,9.58e-04,AutoSMC + IQ-Mixup (Method 1),2026-04-25T05:28:07.269943
2,0,0,68,1.119577,0.229589,9.57e-04,AutoSMC + IQ-Mixup (Method 1),2026-04-25T05:28:33.226533
2,0,0,69,1.128196,0.385276,9.56e-04,AutoSMC + IQ-Mixup (Method 1),2026-04-25T05:28:58.973889
2,0,0,70,1.144803,0.836731,9.54e-04,AutoSMC + IQ-Mixup (Method 1),2026-04-25T05:29:24.606094
2,0,0,71,1.141578,0.185675,9.53e-04,AutoSMC + IQ-Mixup (Method 1),2026-04-25T05:29:50.328618
2,0,0,72,1.127872,0.840961,9.52e-04,AutoSMC + IQ-Mixup (Method 1),2026-04-25T05:30:16.060818
2,0,0,73,1.148096,0.328087,9.50e-04,AutoSMC + IQ-Mixup (Method 1),2026-04-25T05:30:42.660069
2,0,0,74,1.137445,0.509158,9.49e-04,AutoSMC + IQ-Mixup (Method 1),2026-04-25T05:31:08.822039
2,0,0,75,1.120766,0.505730,9.47e-04,AutoSMC + IQ-Mixup (Method 1),2026-04-25T05:31:34.958491
2,0,0,76,1.125119,0.611787,9.46e-04,AutoSMC + IQ-Mixup (Method 1),2026-04-25T05:32:01.105618
2,0,0,77,1.152830,0.355963,9.45e-04,AutoSMC + IQ-Mixup (Method 1),2026-04-25T05:32:27.481544
2,0,0,78,1.136539,0.727685,9.43e-04,AutoSMC + IQ-Mixup (Method 1),2026-04-25T05:32:53.830157
2,0,0,79,1.132137,0.400737,9.42e-04,AutoSMC + IQ-Mixup (Method 1),2026-04-25T05:33:20.316963
2,0,0,80,1.142601,0.109087,9.40e-04,AutoSMC + IQ-Mixup (Method 1),2026-04-25T05:33:46.517122
2,0,0,81,1.114464,0.652587,9.39e-04,AutoSMC + IQ-Mixup (Method 1),2026-04-25T05:34:12.808182
2,0,0,82,1.134354,0.506704,9.37e-04,AutoSMC + IQ-Mixup (Method 1),2026-04-25T05:34:38.884640
2,0,0,83,1.133773,0.131357,9.36e-04,AutoSMC + IQ-Mixup (Method 1),2026-04-25T05:35:04.889872
2,0,0,84,1.126703,0.530854,9.34e-04,AutoSMC + IQ-Mixup (Method 1),2026-04-25T05:35:31.139680
2,0,0,85,1.142412,0.518722,9.33e-04,AutoSMC + IQ-Mixup (Method 1),2026-04-25T05:35:57.176211
2,0,0,86,1.127815,0.619708,9.31e-04,AutoSMC + IQ-Mixup (Method 1),2026-04-25T05:36:23.273238
2,0,0,87,1.140715,0.524654,9.29e-04,AutoSMC + IQ-Mixup (Method 1),2026-04-25T05:36:49.606221
2,0,0,88,1.132364,0.512331,9.28e-04,AutoSMC + IQ-Mixup (Method 1),2026-04-25T05:37:15.739323
2,0,0,89,1.136410,0.221907,9.26e-04,AutoSMC + IQ-Mixup (Method 1),2026-04-25T05:37:41.764261
2,0,0,90,1.132015,0.371296,9.25e-04,AutoSMC + IQ-Mixup (Method 1),2026-04-25T05:38:07.925910
2,0,0,91,1.131549,0.571955,9.23e-04,AutoSMC + IQ-Mixup (Method 1),2026-04-25T05:38:33.853227
2,0,0,92,1.109793,0.863161,9.21e-04,AutoSMC + IQ-Mixup (Method 1),2026-04-25T05:38:59.997584
2,0,0,93,1.124762,0.195681,9.20e-04,AutoSMC + IQ-Mixup (Method 1),2026-04-25T05:39:26.565506
2,0,0,94,1.103675,0.422269,9.18e-04,AutoSMC + IQ-Mixup (Method 1),2026-04-25T05:39:52.864645
2,0,0,95,1.132447,0.421932,9.16e-04,AutoSMC + IQ-Mixup (Method 1),2026-04-25T05:40:19.083201
2,0,0,96,1.140053,0.774177,9.14e-04,AutoSMC + IQ-Mixup (Method 1),2026-04-25T05:40:45.451504
2,0,0,97,1.115771,0.351729,9.13e-04,AutoSMC + IQ-Mixup (Method 1),2026-04-25T05:41:11.568535
2,0,0,98,1.116989,0.562369,9.11e-04,AutoSMC + IQ-Mixup (Method 1),2026-04-25T05:41:37.799650
2,0,0,99,1.140173,0.515120,9.09e-04,AutoSMC + IQ-Mixup (Method 1),2026-04-25T05:42:03.773377
2,0,0,100,1.118748,0.731776,9.07e-04,AutoSMC + IQ-Mixup (Method 1),2026-04-25T05:42:29.729218
2,0,0,101,1.130836,0.528620,9.05e-04,AutoSMC + IQ-Mixup (Method 1),2026-04-25T05:42:55.953158
2,0,0,102,1.123589,0.491801,9.04e-04,AutoSMC + IQ-Mixup (Method 1),2026-04-25T05:43:22.153848
2,0,0,103,1.132214,0.708931,9.02e-04,AutoSMC + IQ-Mixup (Method 1),2026-04-25T05:43:48.310102
2,0,0,104,1.108454,0.688465,9.00e-04,AutoSMC + IQ-Mixup (Method 1),2026-04-25T05:44:14.366118
2,0,0,105,1.130566,0.856381,8.98e-04,AutoSMC + IQ-Mixup (Method 1),2026-04-25T05:44:40.410401
2,0,0,106,1.085775,0.572731,8.96e-04,AutoSMC + IQ-Mixup (Method 1),2026-04-25T05:45:06.686029
2,0,0,107,1.116939,0.863853,8.94e-04,AutoSMC + IQ-Mixup (Method 1),2026-04-25T05:45:32.645097
2,0,0,108,1.117969,0.495715,8.92e-04,AutoSMC + IQ-Mixup (Method 1),2026-04-25T05:45:59.017818
2,0,0,109,1.105716,0.747939,8.90e-04,AutoSMC + IQ-Mixup (Method 1),2026-04-25T05:46:25.220507
2,0,0,110,1.100697,0.499715,8.88e-04,AutoSMC + IQ-Mixup (Method 1),2026-04-25T05:46:51.517495
2,0,0,111,1.108117,0.488567,8.86e-04,AutoSMC + IQ-Mixup (Method 1),2026-04-25T05:47:17.910772
2,0,0,112,1.112895,0.469462,8.84e-04,AutoSMC + IQ-Mixup (Method 1),2026-04-25T05:47:44.120624
2,0,0,113,1.092413,0.801102,8.82e-04,AutoSMC + IQ-Mixup (Method 1),2026-04-25T05:48:10.363943
2,0,0,114,1.086507,0.746937,8.80e-04,AutoSMC + IQ-Mixup (Method 1),2026-04-25T05:48:36.522470
2,0,0,115,1.120463,0.780982,8.78e-04,AutoSMC + IQ-Mixup (Method 1),2026-04-25T05:49:02.626382
2,0,0,116,1.102676,0.890311,8.76e-04,AutoSMC + IQ-Mixup (Method 1),2026-04-25T05:49:28.781281
2,0,0,117,1.107916,0.656266,8.74e-04,AutoSMC + IQ-Mixup (Method 1),2026-04-25T05:49:54.912582
2,0,0,118,1.118853,0.787449,8.72e-04,AutoSMC + IQ-Mixup (Method 1),2026-04-25T05:50:21.535282
2,0,0,119,1.111686,0.775458,8.70e-04,AutoSMC + IQ-Mixup (Method 1),2026-04-25T05:50:47.776733
2,0,0,120,1.079408,0.696465,8.68e-04,AutoSMC + IQ-Mixup (Method 1),2026-04-25T05:51:14.426797
2,0,0,121,1.077915,0.483836,8.66e-04,AutoSMC + IQ-Mixup (Method 1),2026-04-25T05:51:40.995804
2,0,0,122,1.108471,0.686174,8.64e-04,AutoSMC + IQ-Mixup (Method 1),2026-04-25T05:52:07.438317
2,0,0,123,1.124849,0.785044,8.62e-04,AutoSMC + IQ-Mixup (Method 1),2026-04-25T05:52:33.593470
2,0,0,124,1.108603,0.572109,8.59e-04,AutoSMC + IQ-Mixup (Method 1),2026-04-25T05:52:59.771192
2,0,0,125,1.087220,0.576463,8.57e-04,AutoSMC + IQ-Mixup (Method 1),2026-04-25T05:53:25.557144
2,0,0,126,1.104216,0.785523,8.55e-04,AutoSMC + IQ-Mixup (Method 1),2026-04-25T05:53:51.418189
2,0,0,127,1.130472,0.275751,8.53e-04,AutoSMC + IQ-Mixup (Method 1),2026-04-25T05:54:17.479924
2,0,0,128,1.112938,0.885970,8.51e-04,AutoSMC + IQ-Mixup (Method 1),2026-04-25T05:54:43.460769
2,0,0,129,1.106194,0.797268,8.48e-04,AutoSMC + IQ-Mixup (Method 1),2026-04-25T05:55:09.475595
2,0,0,130,1.104291,0.482210,8.46e-04,AutoSMC + IQ-Mixup (Method 1),2026-04-25T05:55:35.242598
2,0,0,131,1.124241,0.852595,8.44e-04,AutoSMC + IQ-Mixup (Method 1),2026-04-25T05:56:00.956009
2,0,0,132,1.106322,0.724347,8.42e-04,AutoSMC + IQ-Mixup (Method 1),2026-04-25T05:56:26.840806
2,0,0,133,1.134756,0.670350,8.39e-04,AutoSMC + IQ-Mixup (Method 1),2026-04-25T05:56:52.341726
2,0,0,134,1.139144,0.753023,8.37e-04,AutoSMC + IQ-Mixup (Method 1),2026-04-25T05:57:18.020954
2,0,0,135,1.110528,0.531011,8.35e-04,AutoSMC + IQ-Mixup (Method 1),2026-04-25T05:57:44.065316
2,0,0,136,1.083436,0.759630,8.32e-04,AutoSMC + IQ-Mixup (Method 1),2026-04-25T05:58:10.282691
2,0,0,137,1.070248,0.176678,8.30e-04,AutoSMC + IQ-Mixup (Method 1),2026-04-25T05:58:36.103275
2,0,0,138,1.092287,0.654179,8.28e-04,AutoSMC + IQ-Mixup (Method 1),2026-04-25T05:59:01.907614
2,0,0,139,1.099086,0.554978,8.25e-04,AutoSMC + IQ-Mixup (Method 1),2026-04-25T05:59:28.001083
2,0,0,140,1.070108,0.615879,8.23e-04,AutoSMC + IQ-Mixup (Method 1),2026-04-25T05:59:53.709285
2,0,0,141,1.102039,0.372249,8.21e-04,AutoSMC + IQ-Mixup (Method 1),2026-04-25T06:00:19.570168
2,0,0,142,1.116561,0.804058,8.18e-04,AutoSMC + IQ-Mixup (Method 1),2026-04-25T06:00:45.659700
2,0,0,143,1.077802,0.605780,8.16e-04,AutoSMC + IQ-Mixup (Method 1),2026-04-25T06:01:11.665871
2,0,0,144,1.107936,0.443069,8.13e-04,AutoSMC + IQ-Mixup (Method 1),2026-04-25T06:01:37.767245
2,0,0,145,1.088990,0.540363,8.11e-04,AutoSMC + IQ-Mixup (Method 1),2026-04-25T06:02:03.461133
2,0,0,146,1.118523,0.160426,8.08e-04,AutoSMC + IQ-Mixup (Method 1),2026-04-25T06:02:29.300203
2,0,0,147,1.087255,0.600179,8.06e-04,AutoSMC + IQ-Mixup (Method 1),2026-04-25T06:02:54.924583
2,0,0,148,1.086002,0.613019,8.03e-04,AutoSMC + IQ-Mixup (Method 1),2026-04-25T06:03:21.291019
2,0,0,149,1.117480,0.885016,8.01e-04,AutoSMC + IQ-Mixup (Method 1),2026-04-25T06:03:47.177740
2,0,0,150,1.079039,0.887899,7.98e-04,AutoSMC + IQ-Mixup (Method 1),2026-04-25T06:04:13.291531
2,0,0,151,1.092936,0.680862,7.96e-04,AutoSMC + IQ-Mixup (Method 1),2026-04-25T06:04:39.406159
2,0,0,152,1.081960,0.587151,7.93e-04,AutoSMC + IQ-Mixup (Method 1),2026-04-25T06:05:05.189630
2,0,0,153,1.085784,0.846032,7.91e-04,AutoSMC + IQ-Mixup (Method 1),2026-04-25T06:05:31.558196
2,0,0,154,1.093888,0.428848,7.88e-04,AutoSMC + IQ-Mixup (Method 1),2026-04-25T06:05:57.484362
2,0,0,155,1.092927,0.427826,7.86e-04,AutoSMC + IQ-Mixup (Method 1),2026-04-25T06:06:23.682829
2,0,0,156,1.100171,0.364663,7.83e-04,AutoSMC + IQ-Mixup (Method 1),2026-04-25T06:06:49.921113
2,0,0,157,1.103473,0.756759,7.81e-04,AutoSMC + IQ-Mixup (Method 1),2026-04-25T06:07:16.155150
2,0,0,158,1.100077,0.638796,7.78e-04,AutoSMC + IQ-Mixup (Method 1),2026-04-25T06:07:42.294683
2,0,0,159,1.106575,0.518853,7.75e-04,AutoSMC + IQ-Mixup (Method 1),2026-04-25T06:08:08.157845
2,0,0,160,1.071772,0.778732,7.73e-04,AutoSMC + IQ-Mixup (Method 1),2026-04-25T06:08:34.171055
2,0,0,161,1.124542,0.707543,7.70e-04,AutoSMC + IQ-Mixup (Method 1),2026-04-25T06:09:00.116090
2,0,0,162,1.103681,0.569929,7.68e-04,AutoSMC + IQ-Mixup (Method 1),2026-04-25T06:09:26.441716
2,0,0,163,1.077829,0.550971,7.65e-04,AutoSMC + IQ-Mixup (Method 1),2026-04-25T06:09:52.564620
2,0,0,164,1.089200,0.636279,7.62e-04,AutoSMC + IQ-Mixup (Method 1),2026-04-25T06:10:18.883491
2,0,0,165,1.092003,0.763040,7.60e-04,AutoSMC + IQ-Mixup (Method 1),2026-04-25T06:10:45.099177
2,0,0,166,1.102423,0.605717,7.57e-04,AutoSMC + IQ-Mixup (Method 1),2026-04-25T06:11:11.215734
2,0,0,167,1.099836,0.882592,7.54e-04,AutoSMC + IQ-Mixup (Method 1),2026-04-25T06:11:37.318632
2,0,0,168,1.090149,0.814155,7.52e-04,AutoSMC + IQ-Mixup (Method 1),2026-04-25T06:12:03.423621
2,0,0,169,1.069017,0.747597,7.49e-04,AutoSMC + IQ-Mixup (Method 1),2026-04-25T06:12:29.495065
2,0,0,170,1.058604,0.687214,7.46e-04,AutoSMC + IQ-Mixup (Method 1),2026-04-25T06:12:55.468026
2,0,0,171,1.093862,0.268122,7.43e-04,AutoSMC + IQ-Mixup (Method 1),2026-04-25T06:13:21.592647
2,0,0,172,1.081068,0.299216,7.41e-04,AutoSMC + IQ-Mixup (Method 1),2026-04-25T06:13:47.490820
2,0,0,173,1.098830,0.161203,7.38e-04,AutoSMC + IQ-Mixup (Method 1),2026-04-25T06:14:13.491580
2,0,0,174,1.068266,0.783032,7.35e-04,AutoSMC + IQ-Mixup (Method 1),2026-04-25T06:14:39.652753
2,0,0,175,1.105804,0.442427,7.32e-04,AutoSMC + IQ-Mixup (Method 1),2026-04-25T06:15:05.460134
2,0,0,176,1.095995,0.439715,7.30e-04,AutoSMC + IQ-Mixup (Method 1),2026-04-25T06:15:31.459832
2,0,0,177,1.080949,0.172681,7.27e-04,AutoSMC + IQ-Mixup (Method 1),2026-04-25T06:15:57.703316
2,0,0,178,1.065869,0.722440,7.24e-04,AutoSMC + IQ-Mixup (Method 1),2026-04-25T06:16:24.045625
2,0,0,179,1.090867,0.540622,7.21e-04,AutoSMC + IQ-Mixup (Method 1),2026-04-25T06:16:50.126921
2,0,0,180,1.061806,0.521219,7.19e-04,AutoSMC + IQ-Mixup (Method 1),2026-04-25T06:17:16.258922
2,0,0,181,1.098273,0.722805,7.16e-04,AutoSMC + IQ-Mixup (Method 1),2026-04-25T06:17:42.401723
2,0,0,182,1.100738,0.737319,7.13e-04,AutoSMC + IQ-Mixup (Method 1),2026-04-25T06:18:08.069960
2,0,0,183,1.080951,0.758346,7.10e-04,AutoSMC + IQ-Mixup (Method 1),2026-04-25T06:18:33.853682
2,0,0,184,1.091056,0.636072,7.07e-04,AutoSMC + IQ-Mixup (Method 1),2026-04-25T06:18:59.407532
2,0,0,185,1.093339,0.618037,7.04e-04,AutoSMC + IQ-Mixup (Method 1),2026-04-25T06:19:25.249047
2,0,0,186,1.058750,0.768851,7.02e-04,AutoSMC + IQ-Mixup (Method 1),2026-04-25T06:19:53.689575
2,0,0,187,1.101679,0.858346,6.99e-04,AutoSMC + IQ-Mixup (Method 1),2026-04-25T06:20:19.835829
2,0,0,188,1.084767,0.837060,6.96e-04,AutoSMC + IQ-Mixup (Method 1),2026-04-25T06:20:45.835166
2,0,0,189,1.090163,0.787557,6.93e-04,AutoSMC + IQ-Mixup (Method 1),2026-04-25T06:21:11.887162
2,0,0,190,1.059803,0.768366,6.90e-04,AutoSMC + IQ-Mixup (Method 1),2026-04-25T06:21:38.182826
2,0,0,191,1.080502,0.699558,6.87e-04,AutoSMC + IQ-Mixup (Method 1),2026-04-25T06:22:04.329418
2,0,0,192,1.062218,0.815114,6.84e-04,AutoSMC + IQ-Mixup (Method 1),2026-04-25T06:22:30.656280
2,0,0,193,1.091597,0.880255,6.81e-04,AutoSMC + IQ-Mixup (Method 1),2026-04-25T06:22:56.595172
2,0,0,194,1.073991,0.740133,6.79e-04,AutoSMC + IQ-Mixup (Method 1),2026-04-25T06:23:22.580728
2,0,0,195,1.042561,0.580651,6.76e-04,AutoSMC + IQ-Mixup (Method 1),2026-04-25T06:23:48.856930
2,0,0,196,1.059789,0.842653,6.73e-04,AutoSMC + IQ-Mixup (Method 1),2026-04-25T06:24:15.091310
2,0,0,197,1.089958,0.887231,6.70e-04,AutoSMC + IQ-Mixup (Method 1),2026-04-25T06:24:41.071414
2,0,0,198,1.041249,0.851009,6.67e-04,AutoSMC + IQ-Mixup (Method 1),2026-04-25T06:25:06.820034
2,0,0,199,1.087269,0.737827,6.64e-04,AutoSMC + IQ-Mixup (Method 1),2026-04-25T06:25:32.756844
2,0,0,200,1.079870,0.709548,6.61e-04,AutoSMC + IQ-Mixup (Method 1),2026-04-25T06:25:58.502606
2,0,0,201,1.079527,0.851924,6.58e-04,AutoSMC + IQ-Mixup (Method 1),2026-04-25T06:26:24.396785
2,0,0,202,1.079696,0.891903,6.55e-04,AutoSMC + IQ-Mixup (Method 1),2026-04-25T06:26:50.234817
2,0,0,203,1.056615,0.582566,6.52e-04,AutoSMC + IQ-Mixup (Method 1),2026-04-25T06:27:16.119065
2,0,0,204,1.087685,0.647602,6.49e-04,AutoSMC + IQ-Mixup (Method 1),2026-04-25T06:27:42.164669
2,0,0,205,1.056006,0.718473,6.46e-04,AutoSMC + IQ-Mixup (Method 1),2026-04-25T06:28:07.797363
2,0,0,206,1.095725,0.569213,6.43e-04,AutoSMC + IQ-Mixup (Method 1),2026-04-25T06:28:33.655728
2,0,0,207,1.075371,0.703818,6.40e-04,AutoSMC + IQ-Mixup (Method 1),2026-04-25T06:29:00.074072
2,0,0,208,1.064963,0.812793,6.37e-04,AutoSMC + IQ-Mixup (Method 1),2026-04-25T06:29:26.389224
2,0,0,209,1.064449,0.641954,6.34e-04,AutoSMC + IQ-Mixup (Method 1),2026-04-25T06:29:52.377117
2,0,0,210,1.072664,0.753326,6.31e-04,AutoSMC + IQ-Mixup (Method 1),2026-04-25T06:30:18.245819
2,0,0,211,1.078207,0.569199,6.28e-04,AutoSMC + IQ-Mixup (Method 1),2026-04-25T06:30:44.324634
2,0,0,212,1.053126,0.837831,6.25e-04,AutoSMC + IQ-Mixup (Method 1),2026-04-25T06:31:10.380129
2,0,0,213,1.052312,0.753692,6.22e-04,AutoSMC + IQ-Mixup (Method 1),2026-04-25T06:31:36.446401
2,0,0,214,1.071770,0.774691,6.19e-04,AutoSMC + IQ-Mixup (Method 1),2026-04-25T06:32:02.448531
2,0,0,215,1.072962,0.782157,6.16e-04,AutoSMC + IQ-Mixup (Method 1),2026-04-25T06:32:28.775108
2,0,0,216,1.058242,0.763879,6.13e-04,AutoSMC + IQ-Mixup (Method 1),2026-04-25T06:32:54.860354
2,0,0,217,1.049696,0.691398,6.10e-04,AutoSMC + IQ-Mixup (Method 1),2026-04-25T06:33:20.793882
2,0,0,218,1.038392,0.668616,6.07e-04,AutoSMC + IQ-Mixup (Method 1),2026-04-25T06:33:46.868084
2,0,0,219,1.064292,0.809535,6.04e-04,AutoSMC + IQ-Mixup (Method 1),2026-04-25T06:34:13.072209
2,0,0,220,1.048896,0.804367,6.01e-04,AutoSMC + IQ-Mixup (Method 1),2026-04-25T06:34:39.212514
2,0,0,221,1.044549,0.798280,5.98e-04,AutoSMC + IQ-Mixup (Method 1),2026-04-25T06:35:04.909487
2,0,0,222,1.051226,0.351848,5.95e-04,AutoSMC + IQ-Mixup (Method 1),2026-04-25T06:35:30.836205
2,0,0,223,1.048791,0.754053,5.92e-04,AutoSMC + IQ-Mixup (Method 1),2026-04-25T06:35:56.528645
2,0,0,224,1.039412,0.753724,5.89e-04,AutoSMC + IQ-Mixup (Method 1),2026-04-25T06:36:22.376598
2,0,0,225,1.037957,0.876736,5.86e-04,AutoSMC + IQ-Mixup (Method 1),2026-04-25T06:36:48.215736
2,0,0,226,1.042144,0.886621,5.82e-04,AutoSMC + IQ-Mixup (Method 1),2026-04-25T06:37:14.041698
2,0,0,227,1.043051,0.748762,5.79e-04,AutoSMC + IQ-Mixup (Method 1),2026-04-25T06:37:40.365409
2,0,0,228,1.065617,0.617327,5.76e-04,AutoSMC + IQ-Mixup (Method 1),2026-04-25T06:38:06.215128
2,0,0,229,1.074110,0.893469,5.73e-04,AutoSMC + IQ-Mixup (Method 1),2026-04-25T06:38:32.013413
2,0,0,230,1.042910,0.888534,5.70e-04,AutoSMC + IQ-Mixup (Method 1),2026-04-25T06:38:57.976154
2,0,0,231,1.043213,0.598464,5.67e-04,AutoSMC + IQ-Mixup (Method 1),2026-04-25T06:39:24.165505
2,0,0,232,1.042144,0.821317,5.64e-04,AutoSMC + IQ-Mixup (Method 1),2026-04-25T06:39:50.293431
2,0,0,233,1.048423,0.576607,5.61e-04,AutoSMC + IQ-Mixup (Method 1),2026-04-25T06:40:16.220275
2,0,0,234,1.056174,0.892954,5.58e-04,AutoSMC + IQ-Mixup (Method 1),2026-04-25T06:40:41.965932
2,0,0,235,1.046088,0.835752,5.55e-04,AutoSMC + IQ-Mixup (Method 1),2026-04-25T06:41:07.855060
2,0,0,236,1.068517,0.657080,5.52e-04,AutoSMC + IQ-Mixup (Method 1),2026-04-25T06:41:33.752054
2,0,0,237,1.030419,0.854508,5.48e-04,AutoSMC + IQ-Mixup (Method 1),2026-04-25T06:41:59.405216
2,0,0,238,1.061636,0.763702,5.45e-04,AutoSMC + IQ-Mixup (Method 1),2026-04-25T06:42:25.033244
2,0,0,239,1.080142,0.586025,5.42e-04,AutoSMC + IQ-Mixup (Method 1),2026-04-25T06:42:50.970801
2,0,0,240,1.061142,0.887819,5.39e-04,AutoSMC + IQ-Mixup (Method 1),2026-04-25T06:43:16.606949
2,0,0,241,1.062606,0.776380,5.36e-04,AutoSMC + IQ-Mixup (Method 1),2026-04-25T06:43:42.336104
2,0,0,242,1.050937,0.761276,5.33e-04,AutoSMC + IQ-Mixup (Method 1),2026-04-25T06:44:08.189426
2,0,0,243,1.035351,0.871169,5.30e-04,AutoSMC + IQ-Mixup (Method 1),2026-04-25T06:44:34.360025
2,0,0,244,1.030574,0.851550,5.27e-04,AutoSMC + IQ-Mixup (Method 1),2026-04-25T06:45:00.368485
2,0,0,245,1.049893,0.852104,5.24e-04,AutoSMC + IQ-Mixup (Method 1),2026-04-25T06:45:26.479130
2,0,0,246,1.037425,0.891636,5.21e-04,AutoSMC + IQ-Mixup (Method 1),2026-04-25T06:45:52.637499
2,0,0,247,1.051792,0.774281,5.17e-04,AutoSMC + IQ-Mixup (Method 1),2026-04-25T06:46:19.082648
2,0,0,248,1.041770,0.760139,5.14e-04,AutoSMC + IQ-Mixup (Method 1),2026-04-25T06:46:45.386515
2,0,0,249,1.070004,0.838819,5.11e-04,AutoSMC + IQ-Mixup (Method 1),2026-04-25T06:47:11.936201
2,0,0,250,1.045135,0.414109,5.08e-04,AutoSMC + IQ-Mixup (Method 1),2026-04-25T06:47:38.209998
2,0,0,251,1.042146,0.474437,5.05e-04,AutoSMC + IQ-Mixup (Method 1),2026-04-25T06:48:04.917368
2,0,0,252,1.038155,0.731311,5.02e-04,AutoSMC + IQ-Mixup (Method 1),2026-04-25T06:48:30.981543
2,0,0,253,1.036468,0.753405,4.99e-04,AutoSMC + IQ-Mixup (Method 1),2026-04-25T06:48:57.025190
2,0,0,254,1.026919,0.644133,4.96e-04,AutoSMC + IQ-Mixup (Method 1),2026-04-25T06:49:22.871518
2,0,0,255,1.012511,0.726643,4.93e-04,AutoSMC + IQ-Mixup (Method 1),2026-04-25T06:49:49.002875
2,0,0,256,1.035885,0.668654,4.89e-04,AutoSMC + IQ-Mixup (Method 1),2026-04-25T06:50:15.184438
2,0,0,257,1.025980,0.761102,4.86e-04,AutoSMC + IQ-Mixup (Method 1),2026-04-25T06:50:41.166029
2,0,0,258,1.040055,0.629390,4.83e-04,AutoSMC + IQ-Mixup (Method 1),2026-04-25T06:51:07.136746
2,0,0,259,1.022622,0.799142,4.80e-04,AutoSMC + IQ-Mixup (Method 1),2026-04-25T06:51:33.261284
2,0,0,260,1.038151,0.757972,4.77e-04,AutoSMC + IQ-Mixup (Method 1),2026-04-25T06:51:59.304927
2,0,0,261,1.034319,0.734151,4.74e-04,AutoSMC + IQ-Mixup (Method 1),2026-04-25T06:52:25.390866
2,0,0,262,1.034336,0.451395,4.71e-04,AutoSMC + IQ-Mixup (Method 1),2026-04-25T06:52:51.573771
2,0,0,263,1.011738,0.697258,4.68e-04,AutoSMC + IQ-Mixup (Method 1),2026-04-25T06:53:18.058906
2,0,0,264,1.041501,0.875091,4.65e-04,AutoSMC + IQ-Mixup (Method 1),2026-04-25T06:53:44.243884
2,0,0,265,1.042695,0.777051,4.62e-04,AutoSMC + IQ-Mixup (Method 1),2026-04-25T06:54:11.155565
2,0,0,266,1.026762,0.801033,4.58e-04,AutoSMC + IQ-Mixup (Method 1),2026-04-25T06:54:37.400505
2,0,0,267,1.020793,0.886011,4.55e-04,AutoSMC + IQ-Mixup (Method 1),2026-04-25T06:55:03.627762
2,0,0,268,0.999731,0.891872,4.52e-04,AutoSMC + IQ-Mixup (Method 1),2026-04-25T06:55:30.180189
2,0,0,269,1.055198,0.783141,4.49e-04,AutoSMC + IQ-Mixup (Method 1),2026-04-25T06:55:56.824553
2,0,0,270,1.044035,0.891271,4.46e-04,AutoSMC + IQ-Mixup (Method 1),2026-04-25T06:56:23.398881
2,0,0,271,1.029580,0.553432,4.43e-04,AutoSMC + IQ-Mixup (Method 1),2026-04-25T06:56:49.699033
2,0,0,272,1.034253,0.888152,4.40e-04,AutoSMC + IQ-Mixup (Method 1),2026-04-25T06:57:16.102093
2,0,0,273,1.047605,0.768430,4.37e-04,AutoSMC + IQ-Mixup (Method 1),2026-04-25T06:57:42.245559
2,0,0,274,1.018174,0.754068,4.34e-04,AutoSMC + IQ-Mixup (Method 1),2026-04-25T06:58:08.320033
2,0,0,275,1.023853,0.768548,4.31e-04,AutoSMC + IQ-Mixup (Method 1),2026-04-25T06:58:34.442432
2,0,0,276,1.030665,0.726590,4.28e-04,AutoSMC + IQ-Mixup (Method 1),2026-04-25T06:59:00.169464
2,0,0,277,1.044926,0.893544,4.24e-04,AutoSMC + IQ-Mixup (Method 1),2026-04-25T06:59:26.047046
2,0,0,278,1.026617,0.735734,4.21e-04,AutoSMC + IQ-Mixup (Method 1),2026-04-25T06:59:51.859152
2,0,0,279,1.028737,0.681699,4.18e-04,AutoSMC + IQ-Mixup (Method 1),2026-04-25T07:00:17.859439
2,0,0,280,1.044711,0.883912,4.15e-04,AutoSMC + IQ-Mixup (Method 1),2026-04-25T07:00:43.921559
2,0,0,281,1.041953,0.791641,4.12e-04,AutoSMC + IQ-Mixup (Method 1),2026-04-25T07:01:10.149474
2,0,0,282,1.037977,0.897462,4.09e-04,AutoSMC + IQ-Mixup (Method 1),2026-04-25T07:01:35.806982
2,0,0,283,1.023397,0.880513,4.06e-04,AutoSMC + IQ-Mixup (Method 1),2026-04-25T07:02:01.732494
2,0,0,284,1.057576,0.756306,4.03e-04,AutoSMC + IQ-Mixup (Method 1),2026-04-25T07:02:27.566393
2,0,0,285,1.068432,0.589358,4.00e-04,AutoSMC + IQ-Mixup (Method 1),2026-04-25T07:02:53.400058
2,0,0,286,1.037610,0.803912,3.97e-04,AutoSMC + IQ-Mixup (Method 1),2026-04-25T07:03:19.544931
2,0,0,287,1.005609,0.819560,3.94e-04,AutoSMC + IQ-Mixup (Method 1),2026-04-25T07:03:45.960186
2,0,0,288,1.023997,0.769706,3.91e-04,AutoSMC + IQ-Mixup (Method 1),2026-04-25T07:04:12.133855
2,0,0,289,1.041790,0.872189,3.88e-04,AutoSMC + IQ-Mixup (Method 1),2026-04-25T07:04:38.499867
2,0,0,290,1.045265,0.799777,3.85e-04,AutoSMC + IQ-Mixup (Method 1),2026-04-25T07:05:04.550449
2,0,0,291,1.013084,0.753757,3.82e-04,AutoSMC + IQ-Mixup (Method 1),2026-04-25T07:05:30.754564
2,0,0,292,1.031196,0.782081,3.79e-04,AutoSMC + IQ-Mixup (Method 1),2026-04-25T07:05:56.591397
2,0,0,293,1.035847,0.892723,3.76e-04,AutoSMC + IQ-Mixup (Method 1),2026-04-25T07:06:22.533384
2,0,0,294,1.036141,0.877585,3.73e-04,AutoSMC + IQ-Mixup (Method 1),2026-04-25T07:06:48.769681
2,0,0,295,1.017890,0.693096,3.70e-04,AutoSMC + IQ-Mixup (Method 1),2026-04-25T07:07:14.709249
2,0,0,296,1.036152,0.880664,3.67e-04,AutoSMC + IQ-Mixup (Method 1),2026-04-25T07:07:40.950070
2,0,0,297,1.030364,0.777882,3.64e-04,AutoSMC + IQ-Mixup (Method 1),2026-04-25T07:08:07.267282
2,0,0,298,1.034096,0.889008,3.61e-04,AutoSMC + IQ-Mixup (Method 1),2026-04-25T07:08:33.825701
2,0,0,299,1.048025,0.884406,3.58e-04,AutoSMC + IQ-Mixup (Method 1),2026-04-25T07:09:00.402158
2,0,0,300,1.052987,0.774671,3.55e-04,AutoSMC + IQ-Mixup (Method 1),2026-04-25T07:09:26.731502
2,0,0,301,1.026719,0.853728,3.52e-04,AutoSMC + IQ-Mixup (Method 1),2026-04-25T07:09:53.076657
2,0,0,302,1.008290,0.891528,3.49e-04,AutoSMC + IQ-Mixup (Method 1),2026-04-25T07:10:19.760170
2,0,0,303,1.017029,0.821309,3.46e-04,AutoSMC + IQ-Mixup (Method 1),2026-04-25T07:10:46.367227
2,0,0,304,1.019426,0.880391,3.43e-04,AutoSMC + IQ-Mixup (Method 1),2026-04-25T07:11:12.343892
2,0,0,305,0.990657,0.742671,3.40e-04,AutoSMC + IQ-Mixup (Method 1),2026-04-25T07:11:38.393790
2,0,0,306,1.005362,0.778009,3.37e-04,AutoSMC + IQ-Mixup (Method 1),2026-04-25T07:12:04.430763
2,0,0,307,1.011648,0.782342,3.34e-04,AutoSMC + IQ-Mixup (Method 1),2026-04-25T07:12:30.409291
2,0,0,308,1.028159,0.758294,3.31e-04,AutoSMC + IQ-Mixup (Method 1),2026-04-25T07:12:56.176706
2,0,0,309,1.040959,0.862835,3.29e-04,AutoSMC + IQ-Mixup (Method 1),2026-04-25T07:13:21.859522
2,0,0,310,1.020700,0.838592,3.26e-04,AutoSMC + IQ-Mixup (Method 1),2026-04-25T07:13:47.880101
2,0,0,311,0.982622,0.782945,3.23e-04,AutoSMC + IQ-Mixup (Method 1),2026-04-25T07:14:13.861216
2,0,0,312,1.011588,0.786453,3.20e-04,AutoSMC + IQ-Mixup (Method 1),2026-04-25T07:14:39.864122
2,0,0,313,1.031577,0.633688,3.17e-04,AutoSMC + IQ-Mixup (Method 1),2026-04-25T07:15:05.872151
2,0,0,314,1.035236,0.679662,3.14e-04,AutoSMC + IQ-Mixup (Method 1),2026-04-25T07:15:32.223664
2,0,0,315,1.023683,0.882174,3.11e-04,AutoSMC + IQ-Mixup (Method 1),2026-04-25T07:15:58.143737
2,0,0,316,1.025563,0.878149,3.08e-04,AutoSMC + IQ-Mixup (Method 1),2026-04-25T07:16:23.942071
2,0,0,317,0.998928,0.817026,3.06e-04,AutoSMC + IQ-Mixup (Method 1),2026-04-25T07:16:50.409987
2,0,0,318,1.066151,0.851433,3.03e-04,AutoSMC + IQ-Mixup (Method 1),2026-04-25T07:17:16.201407
2,0,0,319,1.047465,0.855801,3.00e-04,AutoSMC + IQ-Mixup (Method 1),2026-04-25T07:17:42.121234
2,0,0,320,1.008579,0.894632,2.97e-04,AutoSMC + IQ-Mixup (Method 1),2026-04-25T07:18:08.346769
2,0,0,321,1.018555,0.890124,2.94e-04,AutoSMC + IQ-Mixup (Method 1),2026-04-25T07:18:34.404838
2,0,0,322,1.053068,0.784735,2.91e-04,AutoSMC + IQ-Mixup (Method 1),2026-04-25T07:19:00.978821
2,0,0,323,1.032845,0.883881,2.89e-04,AutoSMC + IQ-Mixup (Method 1),2026-04-25T07:19:27.211050
2,0,0,324,1.016588,0.895632,2.86e-04,AutoSMC + IQ-Mixup (Method 1),2026-04-25T07:19:53.332738
2,0,0,325,1.039403,0.848972,2.83e-04,AutoSMC + IQ-Mixup (Method 1),2026-04-25T07:20:19.272633
2,0,0,326,1.000010,0.898257,2.80e-04,AutoSMC + IQ-Mixup (Method 1),2026-04-25T07:20:45.231533
2,0,0,327,1.013955,0.899019,2.78e-04,AutoSMC + IQ-Mixup (Method 1),2026-04-25T07:21:11.358756
2,0,0,328,1.001695,0.826769,2.75e-04,AutoSMC + IQ-Mixup (Method 1),2026-04-25T07:21:37.284360
2,0,0,329,0.975834,0.900258,2.72e-04,AutoSMC + IQ-Mixup (Method 1),2026-04-25T07:22:03.344321
2,0,0,330,1.028535,0.793142,2.69e-04,AutoSMC + IQ-Mixup (Method 1),2026-04-25T07:22:29.344860
2,0,0,331,0.998283,0.781110,2.67e-04,AutoSMC + IQ-Mixup (Method 1),2026-04-25T07:22:55.372692
2,0,0,332,1.015656,0.868283,2.64e-04,AutoSMC + IQ-Mixup (Method 1),2026-04-25T07:23:21.172720
2,0,0,333,1.022751,0.885217,2.61e-04,AutoSMC + IQ-Mixup (Method 1),2026-04-25T07:23:47.049477
2,0,0,334,0.973093,0.875732,2.58e-04,AutoSMC + IQ-Mixup (Method 1),2026-04-25T07:24:13.043078
2,0,0,335,1.016057,0.890472,2.56e-04,AutoSMC + IQ-Mixup (Method 1),2026-04-25T07:24:39.194322
2,0,0,336,1.012583,0.836409,2.53e-04,AutoSMC + IQ-Mixup (Method 1),2026-04-25T07:25:04.939264
2,0,0,337,1.002095,0.796604,2.50e-04,AutoSMC + IQ-Mixup (Method 1),2026-04-25T07:25:31.176603
2,0,0,338,0.995245,0.841467,2.48e-04,AutoSMC + IQ-Mixup (Method 1),2026-04-25T07:25:57.341213
2,0,0,339,0.975160,0.856620,2.45e-04,AutoSMC + IQ-Mixup (Method 1),2026-04-25T07:26:23.218070
2,0,0,340,1.004847,0.885235,2.42e-04,AutoSMC + IQ-Mixup (Method 1),2026-04-25T07:26:49.456398
2,0,0,341,0.999427,0.845821,2.40e-04,AutoSMC + IQ-Mixup (Method 1),2026-04-25T07:27:15.386787
2,0,0,342,0.998568,0.883709,2.37e-04,AutoSMC + IQ-Mixup (Method 1),2026-04-25T07:27:41.341187
2,0,0,343,0.978529,0.898806,2.35e-04,AutoSMC + IQ-Mixup (Method 1),2026-04-25T07:28:07.040213
2,0,0,344,0.992952,0.869415,2.32e-04,AutoSMC + IQ-Mixup (Method 1),2026-04-25T07:28:32.857908
2,0,0,345,1.019481,0.778814,2.29e-04,AutoSMC + IQ-Mixup (Method 1),2026-04-25T07:28:59.033336
2,0,0,346,1.046579,0.852044,2.27e-04,AutoSMC + IQ-Mixup (Method 1),2026-04-25T07:29:25.169363
2,0,0,347,1.004898,0.833563,2.24e-04,AutoSMC + IQ-Mixup (Method 1),2026-04-25T07:29:51.089107
2,0,0,348,0.987773,0.894762,2.22e-04,AutoSMC + IQ-Mixup (Method 1),2026-04-25T07:30:17.155951
2,0,0,349,1.026561,0.781302,2.19e-04,AutoSMC + IQ-Mixup (Method 1),2026-04-25T07:30:43.278611
2,0,0,350,0.993719,0.775587,2.17e-04,AutoSMC + IQ-Mixup (Method 1),2026-04-25T07:31:09.101330
2,0,0,351,0.998377,0.820353,2.14e-04,AutoSMC + IQ-Mixup (Method 1),2026-04-25T07:31:34.996398
2,0,0,352,1.004022,0.898042,2.12e-04,AutoSMC + IQ-Mixup (Method 1),2026-04-25T07:32:00.759502
2,0,0,353,1.010101,0.857978,2.09e-04,AutoSMC + IQ-Mixup (Method 1),2026-04-25T07:32:26.560505
2,0,0,354,1.004492,0.868172,2.07e-04,AutoSMC + IQ-Mixup (Method 1),2026-04-25T07:32:52.603265
2,0,0,355,1.015722,0.890467,2.04e-04,AutoSMC + IQ-Mixup (Method 1),2026-04-25T07:33:18.393742
2,0,0,356,0.981886,0.868034,2.02e-04,AutoSMC + IQ-Mixup (Method 1),2026-04-25T07:33:44.244303
2,0,0,357,1.014359,0.830096,1.99e-04,AutoSMC + IQ-Mixup (Method 1),2026-04-25T07:34:10.191018
2,0,0,358,1.011336,0.853163,1.97e-04,AutoSMC + IQ-Mixup (Method 1),2026-04-25T07:34:36.284560
2,0,0,359,1.008260,0.865435,1.94e-04,AutoSMC + IQ-Mixup (Method 1),2026-04-25T07:35:02.268737
2,0,0,360,1.013016,0.791710,1.92e-04,AutoSMC + IQ-Mixup (Method 1),2026-04-25T07:35:27.975619
2,0,0,361,1.008688,0.777285,1.89e-04,AutoSMC + IQ-Mixup (Method 1),2026-04-25T07:35:53.997426
2,0,0,362,1.016283,0.898974,1.87e-04,AutoSMC + IQ-Mixup (Method 1),2026-04-25T07:36:19.696818
2,0,0,363,1.016491,0.898891,1.85e-04,AutoSMC + IQ-Mixup (Method 1),2026-04-25T07:36:45.647788
2,0,0,364,0.990992,0.896079,1.82e-04,AutoSMC + IQ-Mixup (Method 1),2026-04-25T07:37:11.761647
2,0,0,365,0.986540,0.892797,1.80e-04,AutoSMC + IQ-Mixup (Method 1),2026-04-25T07:37:37.903012
2,0,0,366,1.012325,0.863311,1.78e-04,AutoSMC + IQ-Mixup (Method 1),2026-04-25T07:38:03.983118
2,0,0,367,1.007586,0.899725,1.75e-04,AutoSMC + IQ-Mixup (Method 1),2026-04-25T07:38:29.968762
2,0,0,368,1.030766,0.882300,1.73e-04,AutoSMC + IQ-Mixup (Method 1),2026-04-25T07:38:55.758802
2,0,0,369,0.992110,0.844329,1.71e-04,AutoSMC + IQ-Mixup (Method 1),2026-04-25T07:39:21.925637
2,0,0,370,1.014880,0.868045,1.68e-04,AutoSMC + IQ-Mixup (Method 1),2026-04-25T07:39:48.146627
2,0,0,371,1.000128,0.826791,1.66e-04,AutoSMC + IQ-Mixup (Method 1),2026-04-25T07:40:14.232576
2,0,0,372,1.011637,0.875161,1.64e-04,AutoSMC + IQ-Mixup (Method 1),2026-04-25T07:40:40.332600
2,0,0,373,0.971185,0.847852,1.62e-04,AutoSMC + IQ-Mixup (Method 1),2026-04-25T07:41:06.798064
2,0,0,374,0.976381,0.856295,1.59e-04,AutoSMC + IQ-Mixup (Method 1),2026-04-25T07:41:32.909347
2,0,0,375,0.990362,0.883114,1.57e-04,AutoSMC + IQ-Mixup (Method 1),2026-04-25T07:41:59.172175
2,0,0,376,1.008321,0.893125,1.55e-04,AutoSMC + IQ-Mixup (Method 1),2026-04-25T07:42:25.078346
2,0,0,377,0.992232,0.895550,1.53e-04,AutoSMC + IQ-Mixup (Method 1),2026-04-25T07:42:51.200911
2,0,0,378,1.014264,0.895717,1.51e-04,AutoSMC + IQ-Mixup (Method 1),2026-04-25T07:43:17.226213
2,0,0,379,0.978727,0.847563,1.48e-04,AutoSMC + IQ-Mixup (Method 1),2026-04-25T07:43:43.030863
2,0,0,380,0.995073,0.893879,1.46e-04,AutoSMC + IQ-Mixup (Method 1),2026-04-25T07:44:09.022038
2,0,0,381,0.997943,0.901895,1.44e-04,AutoSMC + IQ-Mixup (Method 1),2026-04-25T07:44:35.086120
2,0,0,382,0.999330,0.895993,1.42e-04,AutoSMC + IQ-Mixup (Method 1),2026-04-25T07:45:01.574169
2,0,0,383,0.999197,0.853637,1.40e-04,AutoSMC + IQ-Mixup (Method 1),2026-04-25T07:45:27.677759
2,0,0,384,0.990457,0.899449,1.38e-04,AutoSMC + IQ-Mixup (Method 1),2026-04-25T07:45:53.681835
2,0,0,385,1.005443,0.829240,1.36e-04,AutoSMC + IQ-Mixup (Method 1),2026-04-25T07:46:19.618369
2,0,0,386,1.019601,0.899146,1.34e-04,AutoSMC + IQ-Mixup (Method 1),2026-04-25T07:46:45.841908
2,0,0,387,0.994849,0.900795,1.32e-04,AutoSMC + IQ-Mixup (Method 1),2026-04-25T07:47:11.831950
2,0,0,388,0.993799,0.903110,1.30e-04,AutoSMC + IQ-Mixup (Method 1),2026-04-25T07:47:37.871125
2,0,0,389,0.989653,0.863042,1.28e-04,AutoSMC + IQ-Mixup (Method 1),2026-04-25T07:48:03.805628
2,0,0,390,0.977415,0.881253,1.26e-04,AutoSMC + IQ-Mixup (Method 1),2026-04-25T07:48:29.896538
2,0,0,391,0.999707,0.852095,1.24e-04,AutoSMC + IQ-Mixup (Method 1),2026-04-25T07:48:55.889793
2,0,0,392,0.987027,0.895628,1.22e-04,AutoSMC + IQ-Mixup (Method 1),2026-04-25T07:49:21.938083
2,0,0,393,1.038228,0.893994,1.20e-04,AutoSMC + IQ-Mixup (Method 1),2026-04-25T07:49:48.007677
2,0,0,394,0.995713,0.901054,1.18e-04,AutoSMC + IQ-Mixup (Method 1),2026-04-25T07:50:14.317704
2,0,0,395,1.001554,0.902838,1.16e-04,AutoSMC + IQ-Mixup (Method 1),2026-04-25T07:50:40.420052
2,0,0,396,0.995680,0.894120,1.14e-04,AutoSMC + IQ-Mixup (Method 1),2026-04-25T07:51:06.958998
2,0,0,397,0.988275,0.899211,1.12e-04,AutoSMC + IQ-Mixup (Method 1),2026-04-25T07:51:33.087849
2,0,0,398,0.997796,0.884998,1.10e-04,AutoSMC + IQ-Mixup (Method 1),2026-04-25T07:51:59.543547
2,0,0,399,0.991434,0.901855,1.08e-04,AutoSMC + IQ-Mixup (Method 1),2026-04-25T07:52:25.634881
2,0,0,400,1.014601,0.893307,1.06e-04,AutoSMC + IQ-Mixup (Method 1),2026-04-25T07:52:51.610117
2,0,0,401,0.999842,0.842039,1.05e-04,AutoSMC + IQ-Mixup (Method 1),2026-04-25T07:53:17.538505
2,0,0,402,0.997196,0.901813,1.03e-04,AutoSMC + IQ-Mixup (Method 1),2026-04-25T07:53:43.432500
2,0,0,403,1.011199,0.903823,1.01e-04,AutoSMC + IQ-Mixup (Method 1),2026-04-25T07:54:09.453258
2,0,0,404,0.989895,0.895773,9.91e-05,AutoSMC + IQ-Mixup (Method 1),2026-04-25T07:54:35.521378
2,0,0,405,0.984139,0.896395,9.74e-05,AutoSMC + IQ-Mixup (Method 1),2026-04-25T07:55:01.451459
2,0,0,406,0.971473,0.895247,9.56e-05,AutoSMC + IQ-Mixup (Method 1),2026-04-25T07:55:27.508465
2,0,0,407,0.983823,0.884831,9.39e-05,AutoSMC + IQ-Mixup (Method 1),2026-04-25T07:55:53.320008
2,0,0,408,1.003664,0.894622,9.21e-05,AutoSMC + IQ-Mixup (Method 1),2026-04-25T07:56:19.240307
2,0,0,409,0.974628,0.903859,9.04e-05,AutoSMC + IQ-Mixup (Method 1),2026-04-25T07:56:45.249941
2,0,0,410,1.000228,0.899184,8.87e-05,AutoSMC + IQ-Mixup (Method 1),2026-04-25T07:57:10.987670
2,0,0,411,1.003204,0.898872,8.71e-05,AutoSMC + IQ-Mixup (Method 1),2026-04-25T07:57:36.668056
2,0,0,412,0.980588,0.900644,8.54e-05,AutoSMC + IQ-Mixup (Method 1),2026-04-25T07:58:02.361710
2,0,0,413,0.989741,0.891500,8.38e-05,AutoSMC + IQ-Mixup (Method 1),2026-04-25T07:58:27.841881
2,0,0,414,0.987667,0.862660,8.21e-05,AutoSMC + IQ-Mixup (Method 1),2026-04-25T07:58:53.254134
2,0,0,415,0.982007,0.855461,8.05e-05,AutoSMC + IQ-Mixup (Method 1),2026-04-25T07:59:19.325300
2,0,0,416,0.987315,0.888349,7.89e-05,AutoSMC + IQ-Mixup (Method 1),2026-04-25T07:59:45.337876
2,0,0,417,0.984764,0.887162,7.74e-05,AutoSMC + IQ-Mixup (Method 1),2026-04-25T08:00:11.250247
2,0,0,418,0.996187,0.900116,7.58e-05,AutoSMC + IQ-Mixup (Method 1),2026-04-25T08:00:37.355884
2,0,0,419,1.000339,0.900624,7.43e-05,AutoSMC + IQ-Mixup (Method 1),2026-04-25T08:01:02.968026
2,0,0,420,1.009057,0.889034,7.27e-05,AutoSMC + IQ-Mixup (Method 1),2026-04-25T08:01:28.826581
2,0,0,421,0.989633,0.885517,7.12e-05,AutoSMC + IQ-Mixup (Method 1),2026-04-25T08:01:54.945844
2,0,0,422,1.004347,0.900852,6.97e-05,AutoSMC + IQ-Mixup (Method 1),2026-04-25T08:02:21.134400
2,0,0,423,0.994102,0.899654,6.83e-05,AutoSMC + IQ-Mixup (Method 1),2026-04-25T08:02:47.068966
2,0,0,424,0.977275,0.898857,6.68e-05,AutoSMC + IQ-Mixup (Method 1),2026-04-25T08:03:12.908611
2,0,0,425,1.008823,0.887998,6.54e-05,AutoSMC + IQ-Mixup (Method 1),2026-04-25T08:03:38.791319
2,0,0,426,0.992805,0.877615,6.40e-05,AutoSMC + IQ-Mixup (Method 1),2026-04-25T08:04:04.678641
2,0,0,427,1.004296,0.896944,6.25e-05,AutoSMC + IQ-Mixup (Method 1),2026-04-25T08:04:30.473743
2,0,0,428,1.005268,0.855353,6.12e-05,AutoSMC + IQ-Mixup (Method 1),2026-04-25T08:04:56.220542
2,0,0,429,0.995120,0.899410,5.98e-05,AutoSMC + IQ-Mixup (Method 1),2026-04-25T08:05:22.033688
2,0,0,430,1.012388,0.876223,5.84e-05,AutoSMC + IQ-Mixup (Method 1),2026-04-25T08:05:47.931775
2,0,0,431,1.009874,0.885092,5.71e-05,AutoSMC + IQ-Mixup (Method 1),2026-04-25T08:06:13.559236
2,0,0,432,0.996253,0.890551,5.58e-05,AutoSMC + IQ-Mixup (Method 1),2026-04-25T08:06:39.229411
2,0,0,433,1.008662,0.897345,5.45e-05,AutoSMC + IQ-Mixup (Method 1),2026-04-25T08:07:04.976090
2,0,0,434,0.991088,0.894885,5.32e-05,AutoSMC + IQ-Mixup (Method 1),2026-04-25T08:07:30.789385
2,0,0,435,1.012312,0.901558,5.20e-05,AutoSMC + IQ-Mixup (Method 1),2026-04-25T08:07:56.631448
2,0,0,436,1.011594,0.904307,5.07e-05,AutoSMC + IQ-Mixup (Method 1),2026-04-25T08:08:22.199937
2,0,0,437,1.012398,0.902583,4.95e-05,AutoSMC + IQ-Mixup (Method 1),2026-04-25T08:08:48.055730
2,0,0,438,0.991005,0.901185,4.83e-05,AutoSMC + IQ-Mixup (Method 1),2026-04-25T08:09:13.641442
2,0,0,439,0.984414,0.904857,4.71e-05,AutoSMC + IQ-Mixup (Method 1),2026-04-25T08:09:39.392363
2,0,0,440,1.005385,0.898764,4.59e-05,AutoSMC + IQ-Mixup (Method 1),2026-04-25T08:10:05.398754
2,0,0,441,0.979164,0.906691,4.48e-05,AutoSMC + IQ-Mixup (Method 1),2026-04-25T08:10:31.689751
2,0,0,442,1.002707,0.901711,4.36e-05,AutoSMC + IQ-Mixup (Method 1),2026-04-25T08:10:57.841926
2,0,0,443,1.005165,0.896667,4.25e-05,AutoSMC + IQ-Mixup (Method 1),2026-04-25T08:11:23.676927
2,0,0,444,1.004716,0.906699,4.14e-05,AutoSMC + IQ-Mixup (Method 1),2026-04-25T08:11:49.631622
2,0,0,445,0.985648,0.902026,4.03e-05,AutoSMC + IQ-Mixup (Method 1),2026-04-25T08:12:15.590993
2,0,0,446,1.006455,0.900281,3.93e-05,AutoSMC + IQ-Mixup (Method 1),2026-04-25T08:12:41.575495
2,0,0,447,0.993640,0.905244,3.82e-05,AutoSMC + IQ-Mixup (Method 1),2026-04-25T08:13:07.319416
2,0,0,448,1.015885,0.897460,3.72e-05,AutoSMC + IQ-Mixup (Method 1),2026-04-25T08:13:33.149128
2,0,0,449,0.989851,0.901181,3.62e-05,AutoSMC + IQ-Mixup (Method 1),2026-04-25T08:13:59.034397
2,0,0,450,0.965632,0.902120,3.52e-05,AutoSMC + IQ-Mixup (Method 1),2026-04-25T08:14:25.143792
2,0,0,451,0.990000,0.901687,3.42e-05,AutoSMC + IQ-Mixup (Method 1),2026-04-25T08:14:51.210982
2,0,0,452,0.993330,0.897061,3.33e-05,AutoSMC + IQ-Mixup (Method 1),2026-04-25T08:15:17.058902
2,0,0,453,0.975478,0.897570,3.23e-05,AutoSMC + IQ-Mixup (Method 1),2026-04-25T08:15:42.986685
2,0,0,454,0.975914,0.903823,3.14e-05,AutoSMC + IQ-Mixup (Method 1),2026-04-25T08:16:08.979487
2,0,0,455,1.012419,0.903461,3.05e-05,AutoSMC + IQ-Mixup (Method 1),2026-04-25T08:16:34.771362
2,0,0,456,0.978730,0.903905,2.97e-05,AutoSMC + IQ-Mixup (Method 1),2026-04-25T08:17:00.714580
2,0,0,457,0.979544,0.904272,2.88e-05,AutoSMC + IQ-Mixup (Method 1),2026-04-25T08:17:26.945935
2,0,0,458,0.993143,0.903455,2.80e-05,AutoSMC + IQ-Mixup (Method 1),2026-04-25T08:17:52.855729
2,0,0,459,0.961734,0.903052,2.71e-05,AutoSMC + IQ-Mixup (Method 1),2026-04-25T08:18:18.727737
2,0,0,460,1.003726,0.903908,2.63e-05,AutoSMC + IQ-Mixup (Method 1),2026-04-25T08:18:44.784493
2,0,0,461,1.011322,0.904295,2.56e-05,AutoSMC + IQ-Mixup (Method 1),2026-04-25T08:19:10.705999
2,0,0,462,0.982552,0.905719,2.48e-05,AutoSMC + IQ-Mixup (Method 1),2026-04-25T08:19:36.891743
2,0,0,463,0.989233,0.905629,2.40e-05,AutoSMC + IQ-Mixup (Method 1),2026-04-25T08:20:02.788483
2,0,0,464,1.000575,0.905182,2.33e-05,AutoSMC + IQ-Mixup (Method 1),2026-04-25T08:20:28.841248
2,0,0,465,0.995163,0.903408,2.26e-05,AutoSMC + IQ-Mixup (Method 1),2026-04-25T08:20:55.011337
2,0,0,466,0.987035,0.905725,2.19e-05,AutoSMC + IQ-Mixup (Method 1),2026-04-25T08:21:21.409621
2,0,0,467,0.981060,0.904303,2.13e-05,AutoSMC + IQ-Mixup (Method 1),2026-04-25T08:21:47.476374
2,0,0,468,0.994705,0.902696,2.06e-05,AutoSMC + IQ-Mixup (Method 1),2026-04-25T08:22:13.523640
2,0,0,469,0.971330,0.906565,2.00e-05,AutoSMC + IQ-Mixup (Method 1),2026-04-25T08:22:39.800280
2,0,0,470,1.001542,0.905244,1.94e-05,AutoSMC + IQ-Mixup (Method 1),2026-04-25T08:23:05.949171
2,0,0,471,0.976775,0.902468,1.88e-05,AutoSMC + IQ-Mixup (Method 1),2026-04-25T08:23:32.455080
2,0,0,472,0.997763,0.904710,1.82e-05,AutoSMC + IQ-Mixup (Method 1),2026-04-25T08:23:58.672955
2,0,0,473,0.997079,0.904353,1.76e-05,AutoSMC + IQ-Mixup (Method 1),2026-04-25T08:24:24.742321
2,0,0,474,0.987932,0.904774,1.71e-05,AutoSMC + IQ-Mixup (Method 1),2026-04-25T08:24:51.102235
2,0,0,475,1.002816,0.901986,1.66e-05,AutoSMC + IQ-Mixup (Method 1),2026-04-25T08:25:17.195135
2,0,0,476,0.992510,0.901976,1.61e-05,AutoSMC + IQ-Mixup (Method 1),2026-04-25T08:25:43.187146
2,0,0,477,0.983653,0.903015,1.56e-05,AutoSMC + IQ-Mixup (Method 1),2026-04-25T08:26:09.512909
2,0,0,478,1.020931,0.903366,1.52e-05,AutoSMC + IQ-Mixup (Method 1),2026-04-25T08:26:35.823063
2,0,0,479,0.997424,0.904707,1.47e-05,AutoSMC + IQ-Mixup (Method 1),2026-04-25T08:27:02.118844
2,0,0,480,0.996264,0.903715,1.43e-05,AutoSMC + IQ-Mixup (Method 1),2026-04-25T08:27:28.434869
2,0,0,481,0.978937,0.903322,1.39e-05,AutoSMC + IQ-Mixup (Method 1),2026-04-25T08:27:54.444834
2,0,0,482,0.993179,0.901215,1.35e-05,AutoSMC + IQ-Mixup (Method 1),2026-04-25T08:28:20.753160
2,0,0,483,0.983225,0.901236,1.32e-05,AutoSMC + IQ-Mixup (Method 1),2026-04-25T08:28:46.943723
2,0,0,484,1.011113,0.903516,1.28e-05,AutoSMC + IQ-Mixup (Method 1),2026-04-25T08:29:13.071633
2,0,0,485,0.973036,0.904361,1.25e-05,AutoSMC + IQ-Mixup (Method 1),2026-04-25T08:29:39.216077
2,0,0,486,0.996475,0.905339,1.22e-05,AutoSMC + IQ-Mixup (Method 1),2026-04-25T08:30:05.306449
2,0,0,487,1.000676,0.904765,1.19e-05,AutoSMC + IQ-Mixup (Method 1),2026-04-25T08:30:31.668285
2,0,0,488,0.974923,0.905276,1.17e-05,AutoSMC + IQ-Mixup (Method 1),2026-04-25T08:30:57.670389
2,0,0,489,0.974683,0.904814,1.14e-05,AutoSMC + IQ-Mixup (Method 1),2026-04-25T08:31:24.025803
2,0,0,490,0.983792,0.902578,1.12e-05,AutoSMC + IQ-Mixup (Method 1),2026-04-25T08:31:50.157493
2,0,0,491,1.018378,0.904851,1.10e-05,AutoSMC + IQ-Mixup (Method 1),2026-04-25T08:32:15.961732
2,0,0,492,0.996331,0.904873,1.08e-05,AutoSMC + IQ-Mixup (Method 1),2026-04-25T08:32:42.067796
2,0,0,493,0.980702,0.902599,1.06e-05,AutoSMC + IQ-Mixup (Method 1),2026-04-25T08:33:08.155469
2,0,0,494,1.011013,0.904406,1.05e-05,AutoSMC + IQ-Mixup (Method 1),2026-04-25T08:33:33.965213
2,0,0,495,1.016475,0.904409,1.04e-05,AutoSMC + IQ-Mixup (Method 1),2026-04-25T08:33:59.839071
2,0,0,496,0.979835,0.903926,1.02e-05,AutoSMC + IQ-Mixup (Method 1),2026-04-25T08:34:25.979860
2,0,0,497,0.976512,0.905326,1.02e-05,AutoSMC + IQ-Mixup (Method 1),2026-04-25T08:34:52.123183
2,0,0,498,0.990223,0.904887,1.01e-05,AutoSMC + IQ-Mixup (Method 1),2026-04-25T08:35:17.989799
2,0,0,499,0.978771,0.904859,1.00e-05,AutoSMC + IQ-Mixup (Method 1),2026-04-25T08:35:43.729781
2,0,0,500,1.004686,0.906207,1.00e-05,AutoSMC + IQ-Mixup (Method 1),2026-04-25T08:36:09.690995
